{"stats":{"minecraft:picked_up":{"iceandfire:dragon_skull_lightning":1,"minecraft:charcoal":2,"minecraft:allium":1,"xercamod:item_tea_seeds":1,"minecraft:chicken":1,"minecraft:clay_ball":4,"minecraft:potato":1,"doggytalents:rice_grains":4,"securitycraft:sc_manual":2,"butchersdelight:deadpig":1,"minecraft:string":2,"minecraft:lantern":2,"minecraft:iron_axe":1,"butchersdelight:deadchiken":1,"minecraft:white_carpet":4,"minecraft:bone":5,"minecraft:wheat_seeds":3,"minecraft:iron_ingot":10,"minecraft:beef":4,"xercamod:item_tomato_seeds":1,"minecraft:iron_pickaxe":1,"minecraft:egg":1,"minecraft:blue_wool":3,"minecraft:stick":1,"iceandfire:copper_nugget":3,"iceandfire:dragonbone":7,"minecraft:copper_ingot":10,"minecraft:oak_fence":3,"minecraft:torch":1,"minecraft:porkchop":3,"iceandfire:lightning_dragon_flesh":6,"iceandfire:stymphalian_bird_feather":9,"iceandfire:lightning_dragon_heart":1,"magistuarmory:rustedgreathelm":1,"minecraft:arrow":2,"butchersdelight:deadsheep":2,"minecraft:rotten_flesh":2,"minecraft:slime_ball":5,"supplementaries:ash":1,"minecraft:black_wool":1,"minecraft:mutton":3,"minecraft:cod":3,"minecraft:white_wool":3},"minecraft:crafted":{"minecraft:air":0,"magistuarmory:steel_ingot":1},"minecraft:killed":{"rakerm:rake":1,"minecraft:spider":2,"rakerm:rake_stalk":2,"minecraft:slime":13,"iceandfire:stymphalian_bird":6,"minecraft:creeper":1,"minecraft:skeleton":2,"minecraft:sheep":27,"minecraft:zombie":1,"iceandfire:fire_dragon":1,"creeperoverhaul:swamp_creeper":1,"iceandfire:lightning_dragon":1,"mca:female_villager":2,"minecraft:villager":24},"minecraft:custom":{"minecraft:interact_with_furnace":3,"minecraft:mob_kills":84,"minecraft:interact_with_crafting_table":1,"minecraft:damage_dealt_resisted":10244,"minecraft:leave_game":6,"minecraft:time_since_death":155688,"minecraft:climb_one_cm":1318,"minecraft:time_since_rest":155688,"minecraft:sprint_one_cm":112727,"minecraft:damage_taken":10,"minecraft:walk_one_cm":354246,"minecraft:drop":19,"minecraft:damage_dealt":29817,"minecraft:talked_to_villager":2,"minecraft:fly_one_cm":1526156,"minecraft:player_kills":1,"minecraft:open_chest":55,"minecraft:crouch_one_cm":2596,"minecraft:play_time":155688,"tombstone:undead_killed":3,"minecraft:sneak_time":4491,"minecraft:walk_under_water_one_cm":3547,"tombstone:villager_killed":26,"minecraft:jump":593,"minecraft:interact_with_blast_furnace":6,"minecraft:walk_on_water_one_cm":4288,"minecraft:interact_with_smoker":2,"minecraft:total_world_time":155688,"minecraft:fall_one_cm":335},"minecraft:dropped":{"minecraft:oak_door":2,"rakerm:killstick":1,"minecraft:diamond_block":64,"minecraft:cooked_beef":128,"minecraft:oak_planks":1,"minecraft:grass_block":1,"iceandfire:dragonegg_black":1,"minecraft:dirt":1,"create:wand_of_symmetry":2,"minecraft:slime_ball":5,"securitycraft:sc_manual":1,"minecraft:dark_oak_planks":1},"minecraft:used":{"minecraft:oak_trapdoor":15,"create:wand_of_symmetry":14,"minecraft:oak_fence":23,"mca:male_villager_spawn_egg":1,"minecraft:water_bucket":43,"minecraft:mossy_stone_bricks":13,"minecraft:cow_spawn_egg":8,"friendsandfoes:tuff_golem_spawn_egg":4,"minecraft:carved_pumpkin":18,"minecraft:ladder":34,"minecraft:oak_planks":37,"minecraft:blue_wool":10,"minecraft:chest":35,"minecraft:stone":3,"iceandfire:dread_knight_sword":73,"minecraft:sheep_spawn_egg":44,"minecraft:stonecutter":1,"minecraft:oak_door":5,"minecraft:white_wool":10,"minecraft:torch":198,"create:cut_calcite_bricks":1,"minecraft:dirt":398,"minecraft:crafting_table":2,"mca:female_villager_spawn_egg":1,"minecraft:blast_furnace":6,"minecraft:white_bed":1,"minecraft:sponge":12,"minecraft:stone_brick_wall":1,"minecraft:cobbled_deepslate_stairs":62,"biomesoplenty:jacaranda_slab":2,"minecraft:smoker":4,"minecraft:dark_oak_planks":2,"minecraft:lava_bucket":56,"minecraft:villager_spawn_egg":174,"minecraft:lantern":5,"minecraft:iron_block":62,"minecraft:grass_block":28,"minecraft:cat_spawn_egg":62,"minecraft:deepslate":18,"minecraft:cobblestone":234,"minecraft:furnace":6,"minecraft:glass_pane":4,"minecraft:bucket":4,"tombstone:gift":35,"torchmaster:megatorch":26,"minecraft:cobbled_deepslate":3093,"rakerm:killstick":116,"minecraft:light_gray_bed":22}},"DataVersion":3465}