{"stats":{"minecraft:picked_up":{"minecraft:wooden_axe":1,"minecraft:charcoal":2,"iceandfire:dragon_skull_lightning":1,"chococraft:loverly_gysahl_green":1,"minecraft:iron_chestplate":2,"minecraft:wheat":6,"minecraft:allium":1,"minecraft:chainmail_boots":1,"xercamod:item_tea_seeds":7,"minecraft:chicken":1,"minecraft:ladder":12,"minecraft:clay_ball":4,"alexscaves:cave_tablet":6,"occultism:raw_silver":21,"spelunkers_charm:deepslate_rock":9,"minecraft:potion":1,"biomesoplenty:jacaranda_sapling":7,"minecraft:brewing_stand":1,"minecraft:golden_sword":2,"minecraft:string":4,"biomesoplenty:jacaranda_fence":26,"minecraft:raw_copper":79,"minecraft:iron_axe":1,"minecraft:flint_and_steel":1,"minecraft:iron_leggings":1,"minecraft:white_carpet":4,"butchersdelight:dead_cow":40,"minecraft:cobbled_deepslate":12,"minecraft:bucket":16,"minecraft:beef":4,"minecraft:redstone_torch":1,"minecraft:cyan_wool":1,"minecraft:iron_pickaxe":2,"xercamod:item_tomato_seeds":3,"minecraft:phantom_membrane":1,"minecraft:iron_boots":1,"minecraft:egg":3,"minecraft:blue_wool":3,"minecraft:raw_iron":8,"minecraft:stick":1,"iceandfire:dragonbone":8,"minecraft:oak_door":3,"minecraft:oak_fence":3,"minecraft:copper_ingot":10,"minecraft:torch":7,"minecraft:fire_charge":1,"minecraft:porkchop":3,"minecraft:golden_axe":1,"iceandfire:lightning_dragon_flesh":6,"vampirism:alchemical_cauldron":1,"iceandfire:rotten_egg":1,"tombstone:grave_dust":2,"minecraft:carrot":14,"minecraft:redstone":92,"minecraft:black_dye":3,"minecraft:rotten_flesh":16,"minecraft:arrow":4,"vampirism:blood_bottle":1,"butchersdelight:deadsheep":2,"minecraft:diamond_chestplate":1,"magistuarmory:steel_ingot":1,"create:scoria":24,"minecraft:shears":1,"create:layered_calcite":64,"farmersdelight:rope":16,"create:veridium":13,"minecraft:saddle":1,"minecraft:glistering_melon_slice":2,"supplementaries:ash":48,"minecraft:mutton":3,"minecraft:cod":3,"minecraft:white_wool":3,"biomesoplenty:lavender":64,"occultism:datura_seeds":2,"xercamod:item_rice_seeds":1,"minecraft:lilac":1,"minecraft:tripwire_hook":3,"minecraft:glow_ink_sac":3,"minecraft:water_bucket":1,"minecraft:leather":8,"minecraft:orange_carpet":10,"minecraft:golden_leggings":1,"minecraft:music_disc_stal":1,"croptopia:glowing_calamari":2,"minecraft:potato":1,"doggytalents:rice_grains":15,"minecraft:flint":2,"alexsmobs:bison_fur":2,"securitycraft:sc_manual":2,"butchersdelight:deadpig":1,"minecraft:tuff":2,"create:raw_zinc":13,"minecraft:chainmail_chestplate":2,"supplementaries:flax_seeds":1,"biomesoplenty:jacaranda_planks":13,"minecraft:gunpowder":1,"tombstone:voodoo_poppet":1,"minecraft:lapis_lazuli":15,"minecraft:dirt":90,"minecraft:lantern":2,"minecraft:name_tag":10,"butchersdelight:deadchiken":2,"minecraft:leather_boots":1,"chococraft:chocobo_feather":3,"minecraft:bone":38,"chococraft:gysahl_green":6,"minecraft:acacia_planks":3,"theurgy:sal_ammoniac_crystal":3,"minecraft:apple":3,"untamedwilds:material_fat":2,"minecraft:wheat_seeds":100,"minecraft:wild_armor_trim_smithing_template":1,"minecraft:iron_ingot":10,"tombstone:bag_of_seeds":2,"minecraft:bamboo":3,"minecraft:iron_sword":2,"duckling:duck_egg":3,"iceandfire:copper_nugget":3,"mcwbridges:cobblestone_bridge_stair":21,"butchersdelight:cow_hide":3,"minecraft:black_stained_glass_pane":136,"minecraft:amethyst_shard":4,"chococraft:gysahl_green_seeds":1,"aquaculture:iron_fillet_knife":1,"iceandfire:stymphalian_bird_feather":9,"minecraft:ink_sac":32,"iceandfire:lightning_dragon_heart":1,"magistuarmory:rustedgreathelm":1,"minecraft:barrel":2,"iceandfire:chared_cobblestone":21,"minecraft:bundle":1,"minecraft:slime_ball":5,"minecraft:soul_lantern":1,"croptopia:orange":8,"minecraft:crossbow":1,"minecraft:granite":15,"minecraft:bone_meal":1,"minecraft:golden_apple":1,"iceandfire:troll_skull":1,"minecraft:golden_horse_armor":1,"minecraft:emerald":2,"minecraft:oak_sapling":2,"minecraft:black_wool":1,"iceandfire:raw_silver":1},"minecraft:crafted":{"magistuarmory:steel_ingot":1,"minecraft:air":0},"minecraft:killed":{"minecraft:spider":2,"minecraft:slime":13,"iceandfire:stymphalian_bird":6,"minecraft:phantom":1,"minecraft:skeleton":2,"iceandfire:fire_dragon":1,"rakerm:rake":1,"rakerm:rake_stalk":4,"minecraft:creeper":1,"minecraft:sheep":27,"minecraft:zombie":1,"creeperoverhaul:swamp_creeper":1,"iceandfire:lightning_dragon":1,"mca:female_villager":2,"minecraft:villager":24},"minecraft:custom":{"minecraft:mob_kills":87,"minecraft:interact_with_crafting_table":1,"minecraft:damage_dealt_resisted":10244,"minecraft:leave_game":6,"minecraft:time_since_death":341688,"minecraft:climb_one_cm":1318,"minecraft:sprint_one_cm":196559,"minecraft:walk_one_cm":727513,"minecraft:drop":28,"minecraft:talked_to_villager":2,"minecraft:play_time":341688,"minecraft:sneak_time":12047,"minecraft:walk_under_water_one_cm":3605,"minecraft:jump":1325,"minecraft:interact_with_blast_furnace":6,"minecraft:walk_on_water_one_cm":4404,"minecraft:total_world_time":341688,"minecraft:interact_with_furnace":3,"tombstone:raider_killed":1,"minecraft:time_since_rest":341688,"minecraft:damage_taken":10,"minecraft:damage_dealt":39291,"minecraft:fly_one_cm":2373220,"minecraft:player_kills":1,"minecraft:open_chest":150,"minecraft:crouch_one_cm":3649,"tombstone:undead_killed":4,"tombstone:villager_killed":26,"minecraft:interact_with_smoker":2,"minecraft:fall_one_cm":335},"minecraft:dropped":{"rakerm:killstick":1,"minecraft:cooked_beef":128,"minecraft:grass_block":1,"magistuarmory:rustedgreathelm":1,"minecraft:dirt":1,"securitycraft:sc_manual":1,"minecraft:dark_oak_planks":1,"iceandfire:dragonegg_gray":1,"minecraft:bone":5,"minecraft:oak_door":2,"minecraft:diamond_block":64,"minecraft:oak_planks":1,"iceandfire:dragonegg_black":1,"create:wand_of_symmetry":2,"minecraft:slime_ball":5,"minecraft:arrow":2},"minecraft:used":{"iceandfire:troll_skull":1,"minecraft:oak_fence":23,"minecraft:oak_trapdoor":15,"minecraft:carved_pumpkin":18,"minecraft:ladder":34,"minecraft:chest":35,"minecraft:tinted_glass":170,"minecraft:stone":3,"minecraft:oak_door":5,"minecraft:torch":348,"tombstone:scroll_of_preservation":2,"minecraft:brewing_stand":1,"minecraft:dirt":398,"biomesoplenty:jacaranda_slab":2,"minecraft:dark_oak_planks":2,"minecraft:lava_bucket":56,"minecraft:villager_spawn_egg":174,"iceandfire:lightning_lily":6,"minecraft:iron_block":62,"minecraft:lantern":5,"minecraft:grass_block":31,"minecraft:furnace":6,"tombstone:gift":35,"torchmaster:megatorch":55,"biomesoplenty:jacaranda_fence":68,"minecraft:cobbled_deepslate":10430,"rakerm:killstick":157,"minecraft:light_gray_bed":22,"dramaticdoors:tall_create_train_door":9,"create:wand_of_symmetry":38,"mca:male_villager_spawn_egg":1,"minecraft:mossy_stone_bricks":13,"minecraft:water_bucket":43,"minecraft:cow_spawn_egg":46,"friendsandfoes:tuff_golem_spawn_egg":4,"framedblocks:framed_slope":23,"minecraft:oak_planks":37,"minecraft:blue_wool":10,"iceandfire:dread_knight_sword":73,"tombstone:scroll_of_true_sight":1,"minecraft:stonecutter":1,"minecraft:sheep_spawn_egg":44,"iceandfire:dragon_skull_lightning":2,"framedblocks:framed_divided_slab":3,"elevatorid:elevator_white":3,"minecraft:white_wool":10,"create:cut_calcite_bricks":2,"minecraft:crafting_table":2,"mca:female_villager_spawn_egg":1,"dramaticdoors:tall_create_framed_glass_door":4,"minecraft:blast_furnace":6,"minecraft:white_bed":1,"minecraft:sponge":12,"minecraft:stone_brick_wall":1,"create:layered_calcite":287,"decorative_blocks:chandelier":5,"minecraft:cobbled_deepslate_stairs":62,"minecraft:smoker":4,"dramaticdoors:tall_macaw_metal_reinforced_door":1,"minecraft:deepslate":18,"minecraft:cat_spawn_egg":62,"minecraft:cobblestone":239,"minecraft:smithing_table":1,"minecraft:chain":8,"minecraft:bucket":4,"minecraft:glass_pane":4}},"DataVersion":3465}