{"stats":{"minecraft:picked_up":{"minecraft:arrow":1,"minecraft:bone":2},"minecraft:custom":{"minecraft:jump":44,"minecraft:open_chest":3,"minecraft:time_since_rest":28678,"minecraft:damage_dealt":10,"minecraft:damage_taken":2437,"minecraft:leave_game":3,"minecraft:crouch_one_cm":104,"minecraft:play_time":37639,"minecraft:sprint_one_cm":14638,"minecraft:time_since_death":31077,"minecraft:walk_one_cm":13299,"minecraft:deaths":1,"minecraft:sneak_time":406,"minecraft:climb_one_cm":7,"minecraft:total_world_time":37639,"minecraft:talked_to_villager":1,"minecraft:drop":2,"minecraft:fly_one_cm":392466},"minecraft:dropped":{"tombstone:grave_key":1,"securitycraft:sc_manual":1},"minecraft:used":{"minecraft:carved_pumpkin":146,"minecraft:iron_block":521}},"DataVersion":3465}