{"stats":{"minecraft:mined":{"minecraft:dark_oak_planks":3,"minecraft:white_bed":3,"iceandfire:copper_pile":68,"alexsmobs:leafcutter_anthill":1,"create:cut_calcite_bricks":235,"minecraft:carved_pumpkin":1,"minecraft:granite":35,"minecraft:acacia_log":28,"minecraft:brown_wool":1,"minecraft:coal_block":9,"minecraft:chiseled_stone_bricks":3,"minecraft:spawner":96,"diagonalfences:biomesoplenty/jacaranda_fence":12,"minecraft:tall_seagrass":3,"minecraft:magma_block":15,"minecraft:mossy_cobblestone_stairs":2,"minecraft:barrel":2,"minecraft:fire":118,"minecraft:cobbled_deepslate":42,"minecraft:pumpkin":1,"minecraft:deepslate_lapis_ore":5,"minecraft:nether_brick_stairs":6,"create:calcite_pillar":18,"iceandfire:gold_pile":130,"biomesoplenty:redwood_log":78,"minecraft:dirt_path":3,"occultism:otherworld_leaves_natural":7,"minecraft:iron_block":4,"create:veridium":9,"create:limestone":2,"minecraft:tripwire":1,"biomesoplenty:jacaranda_leaves":2,"minecraft:magenta_carpet":1,"biomesoplenty:jacaranda_planks":45,"minecraft:smoker":3,"minecraft:torch":94,"minecraft:blast_furnace":2,"create:scoria":18,"minecraft:cyan_bed":3,"minecraft:sugar_cane":1,"minecraft:bricks":2,"minecraft:cyan_wool":3,"iceandfire:crackled_stone":1,"minecraft:wheat":2,"minecraft:black_bed":2,"minecraft:stone_brick_stairs":3,"minecraft:grass":120,"minecraft:stonecutter":3,"minecraft:deepslate":231,"create:zinc_ore":2,"biomesoplenty:reed":1,"dramaticdoors:tall_bop_jacaranda_door":2,"iceandfire:silver_ore":1,"minecraft:mossy_cobblestone":19,"minecraft:nether_bricks":2,"butchersdelight:deadsheepblock":3,"minecraft:allium":2,"minecraft:redstone_wire":1,"butchersdelight:deadpigblock":2,"farmersdelight:wild_onions":4,"minecraft:black_stained_glass_pane":1,"biomesoplenty:jacaranda_log":224,"minecraft:andesite":8,"spelunkers_charm:deepslate_rock_pile_2":1,"minecraft:potatoes":1,"minecraft:vine":13,"create:polished_cut_calcite":28,"minecraft:smithing_table":1,"minecraft:glass_pane":6,"create:cut_calcite_brick_stairs":1,"minecraft:emerald_ore":20,"vampirism:alchemical_cauldron":1,"minecraft:lightning_rod":3,"minecraft:tall_grass":16,"minecraft:deepslate_gold_ore":29,"minecraft:diorite":17,"minecraft:orange_carpet":16,"minecraft:coarse_dirt":4,"minecraft:cobblestone_wall":10,"minecraft:white_carpet":8,"vampirism:garlic":8,"minecraft:gravel":15,"minecraft:dripstone_block":2,"minecraft:cobweb":2,"biomesoplenty:redwood_sapling":2,"minecraft:acacia_planks":4,"minecraft:stone_bricks":9,"minecraft:gold_ore":4,"minecraft:chipped_anvil":2,"minecraft:fern":9,"luckytntmod:uranium_ore":1,"minecraft:stone_pressure_plate":2,"iceandfire:graveyard_soil":8,"minecraft:cobblestone_stairs":9,"create:polished_cut_calcite_stairs":5,"minecraft:brewing_stand":1,"minecraft:grass_block":304,"create:polished_cut_calcite_wall":6,"minecraft:iron_ore":50,"mutantmonsters:mutant_skeleton_wall_skull":1,"minecraft:anvil":1,"vampirism:tent":2,"iceandfire:crackled_dirt":3,"chococraft:gysahl_green":19,"minecraft:iron_bars":28,"iceandfire:chared_cobblestone":40,"minecraft:deepslate_redstone_ore":22,"minecraft:quartz_block":33,"minecraft:blackstone":10,"biomesoplenty:jacaranda_slab":10,"minecraft:soul_lantern":1,"untamedwilds:flora_common_reed":1,"minecraft:calcite":7,"spelunkers_charm:rock_pile_2":1,"minecraft:cobblestone":1033,"spelunkers_charm:deepslate_geyser":1,"minecraft:oak_planks":14,"minecraft:iron_door":1,"minecraft:wall_torch":46,"spelunkers_charm:rock_pile_3":2,"minecraft:nether_wart_block":1,"biomesoplenty:clover":1,"minecraft:oak_log":74,"minecraft:beetroots":21,"minecraft:dirt":223,"minecraft:sand":277,"mcwbridges:cobblestone_bridge_stair":27,"minecraft:tripwire_hook":3,"minecraft:netherrack":8,"minecraft:oak_leaves":6,"iceandfire:chared_stone":43,"minecraft:tuff":17,"minecraft:oak_door":2,"minecraft:dark_oak_leaves":1,"minecraft:deepslate_diamond_ore":9,"minecraft:glow_lichen":1,"minecraft:ladder":56,"biomesoplenty:bush":4,"create:ochrum":4,"minecraft:sandstone":1,"biomesoplenty:jacaranda_sapling":1,"create:layered_calcite":95,"create:cut_calcite":1,"minecraft:large_fern":1,"minecraft:hay_block":75,"minecraft:furnace":2,"minecraft:carrots":6,"minecraft:gold_block":2,"minecraft:deepslate_iron_ore":48,"minecraft:stripped_oak_log":2,"minecraft:stone":217,"xercamod:vat":1,"minecraft:podzol":2,"vampirism:tent_main":1,"minecraft:oak_fence":1,"minecraft:crafting_table":4,"minecraft:rose_bush":5,"minecraft:stone_slab":2,"biomesoplenty:sprout":11,"theurgy:sal_ammoniac_ore":49,"minecraft:air":1,"supplementaries:urn":19,"minecraft:beehive":1,"spelunkers_charm:deepslate_rock_pile_3":2,"k_turrets:titanium_ore":5,"elevatorid:elevator_white":6,"decorative_blocks:chandelier":2,"minecraft:coal_ore":56,"minecraft:cracked_stone_bricks":10,"minecraft:mossy_stone_bricks":14,"luckytntmod:gunpowder_ore":77},"minecraft:used":{"minecraft:beetroot":7,"minecraft:ladder":97,"minecraft:chest":7,"minecraft:rotten_flesh":1,"occultism:butcher_knife":1,"minecraft:black_stained_glass_pane":120,"minecraft:grass_block":8,"create:polished_cut_calcite":130,"biomesoplenty:jacaranda_sapling":56,"croptopia:peach":14,"minecraft:bow":157,"iceandfire:chared_stone":5,"minecraft:furnace":2,"minecraft:egg":4,"minecraft:wooden_pickaxe":56,"vampirism:human_heart":1,"tombstone:scroll_of_true_sight":4,"butchersdelight:skullcow":6,"elevatorid:elevator_white":12,"minecraft:golden_apple":5,"minecraft:sand":2,"minecraft:blast_furnace":2,"mutantmonsters:mutant_skeleton_skull":1,"biomesoplenty:jacaranda_planks":47,"croptopia:orange":18,"minecraft:lightning_rod":15,"iceandfire:chared_cobblestone":22,"minecraft:diamond_sword":1906,"tombstone:scroll_of_lightning_resistance":1,"minecraft:stone_sword":53,"create:veridium":2,"create:cut_calcite":1,"minecraft:netherrack":1,"minecraft:torch":543,"minecraft:anvil":1,"biomesoplenty:jacaranda_slab":1040,"minecraft:chipped_anvil":1,"magistuarmory:silver_chainmorgenstern":23,"minecraft:iron_axe":441,"create:polished_cut_calcite_stairs":280,"xercamod:vat":5,"duckling:duck_egg":6,"tombstone:gift":11,"magistuarmory:rustedcrusader_boots":5,"minecraft:cobbled_deepslate":2161,"minecraft:acacia_planks":94,"minecraft:wheat_seeds":144,"minecraft:water_bucket":290,"tombstone:scroll_of_reach":1,"minecraft:bundle":1,"vampirism:item_garlic":1,"minecraft:leather_boots":1,"iceandfire:dragon_skull_lightning":23,"minecraft:mossy_cobblestone":4,"justhammers:diamond_hammer":1537,"minecraft:crafting_table":14,"minecraft:white_bed":2,"create:layered_calcite":1490,"justhammers:iron_hammer":168,"minecraft:diamond_pickaxe":2662,"minecraft:diamond_shovel":191,"iceandfire:dragon_horn":3,"tombstone:magic_scroll":3,"mcwbridges:cobblestone_bridge_stair":27,"minecraft:blue_carpet":1,"minecraft:cobblestone":3539,"minecraft:potion":6,"create:calcite_pillar":268,"minecraft:iron_shovel":501,"minecraft:oak_sign":3,"vampirism:heart_striker_enhanced":18,"minecraft:shield":155,"minecraft:iron_sword":275,"minecraft:iron_chestplate":1,"tombstone:scroll_of_preservation":1,"chococraft:chocobo_drumstick_cooked":2,"minecraft:nether_bricks":2,"minecraft:carrot":163,"minecraft:beehive":1,"minecraft:tuff":67,"create:cut_calcite_brick_stairs":14,"minecraft:iron_helmet":3,"create:scoria":40,"aquaculture:diamond_fishing_rod":16,"minecraft:stone_bricks":2,"minecraft:magma_block":2,"minecraft:beetroot_seeds":18,"create:polished_cut_calcite_wall":175,"biomesoplenty:jacaranda_fence":26,"bygonenether:cobbled_blackstone":15,"minecraft:oak_planks":13,"minecraft:stone_pickaxe":404,"minecraft:diamond_axe":7,"iceandfire:dragonbone_sword_lightning":1,"minecraft:black_bed":2,"decorative_blocks:chandelier":16,"minecraft:bread":92,"minecraft:cyan_bed":4,"tombstone:grave_key":10,"minecraft:iron_door":1,"magistuarmory:steel_heavywarhammer":15,"iceandfire:dragon_skull_fire":14,"minecraft:chainmail_boots":5,"minecraft:andesite":1,"chococraft:gysahl_green":42,"minecraft:experience_bottle":5,"minecraft:flint_and_steel":4,"morebowsandarrows:diamond_bow":44,"aquaculture:iron_fillet_knife":1,"minecraft:oak_door":2,"minecraft:dirt":1366,"minecraft:white_carpet":1,"minecraft:cobblestone_wall":10,"minecraft:granite":3,"minecraft:wooden_axe":18,"magistuarmory:diamond_heavywarhammer":7,"minecraft:iron_boots":1,"minecraft:black_stained_glass":165,"minecraft:stone_pressure_plate":1,"minecraft:enchanted_golden_apple":1,"minecraft:iron_leggings":2,"minecraft:cobblestone_stairs":11,"dramaticdoors:tall_bop_jacaranda_door":6,"minecraft:baked_potato":3,"biomesoplenty:redwood_sapling":9,"minecraft:stonecutter":2,"create:cut_calcite_bricks":1894,"minecraft:smoker":2,"iceandfire:dragonegg_black":1,"minecraft:stone_axe":135,"minecraft:fishing_rod":71,"minecraft:bucket":292,"iceandfire:lectern":1},"minecraft:crafted":{"minecraft:black_dye":37,"minecraft:oak_sign":3,"minecraft:diamond_shovel":1,"minecraft:glass":286,"minecraft:diamond_helmet":1,"minecraft:diamond_leggings":1,"sophisticatedbackpacks:copper_backpack":1,"minecraft:glass_bottle":12,"minecraft:diamond_axe":1,"create:cut_calcite_bricks":1,"minecraft:copper_ingot":110,"dramaticdoors:tall_bop_jacaranda_door":4,"aquaculture:iron_fillet_knife":1,"minecraft:gold_ingot":112,"iceandfire:dragon_horn":1,"minecraft:ladder":30,"minecraft:stone_pickaxe":4,"minecraft:diamond_boots":1,"biomesoplenty:jacaranda_door":6,"minecraft:wheat":666,"iceandfire:dragonbone_sword":1,"minecraft:cyan_bed":1,"aquaculture:diamond_fishing_rod":1,"sophisticatedbackpacks:gold_backpack":1,"minecraft:wooden_axe":1,"minecraft:black_stained_glass_pane":256,"minecraft:iron_shovel":1,"minecraft:iron_leggings":7,"minecraft:oak_planks":148,"magistuarmory:steel_heavywarhammer":2,"minecraft:lightning_rod":12,"iceandfire:lectern":1,"minecraft:cobblestone_stairs":4,"decorative_blocks:chandelier":15,"minecraft:iron_boots":9,"iceandfire:dragonbone_sword_lightning":1,"tombstone:grave_key":1,"justhammers:diamond_hammer":1,"minecraft:chest":8,"create:cut_calcite_brick_stairs":60,"sophisticatedbackpacks:backpack":1,"biomesoplenty:jacaranda_planks":852,"minecraft:crafting_table":10,"minecraft:iron_helmet":7,"minecraft:wooden_pickaxe":1,"minecraft:baked_potato":40,"biomesoplenty:jacaranda_slab":1122,"biomesoplenty:jacaranda_fence":42,"magistuarmory:wood_pavese":1,"minecraft:iron_chestplate":5,"minecraft:diamond_pickaxe":2,"minecraft:shield":3,"sophisticatedbackpacks:diamond_backpack":1,"minecraft:stick":432,"minecraft:iron_ingot":164,"minecraft:stone_sword":1,"occultism:butcher_knife":1,"minecraft:shears":1,"magistuarmory:leather_strip":24,"minecraft:oak_door":3,"minecraft:coal":36,"morebowsandarrows:iron_bow":1,"minecraft:fishing_rod":1,"chococraft:chocobo_drumstick_cooked":4,"morebowsandarrows:diamond_bow":1,"iceandfire:dragon_stick":1,"magistuarmory:diamond_heavywarhammer":1,"minecraft:furnace":2,"magistuarmory:hilt":24,"minecraft:iron_axe":1,"magistuarmory:steel_ingot":73,"magistuarmory:steel_pavese":1,"sophisticatedbackpacks:iron_backpack":1,"minecraft:cooked_beef":41,"paraglider:paraglider":3,"minecraft:cooked_cod":1,"minecraft:diamond_sword":2,"elevatorid:elevator_white":5,"iceandfire:dragon_meal":64,"minecraft:iron_sword":1,"minecraft:bucket":1,"minecraft:stone_axe":1,"minecraft:bread":210,"minecraft:air":0,"minecraft:black_stained_glass":272,"justhammers:iron_hammer":1,"iceandfire:bestiary":1,"minecraft:acacia_planks":104,"minecraft:torch":500,"minecraft:diamond_chestplate":1},"minecraft:dropped":{"iceandfire:chared_stone":73,"sophisticatedbackpacks:iron_backpack":1,"minecraft:iron_sword":5,"iceandfire:raw_silver":1,"minecraft:lapis_lazuli":31,"occultism:datura_seeds":6,"minecraft:cooked_beef":41,"minecraft:glow_ink_sac":15,"untamedwilds:material_fat":1,"minecraft:glass_bottle":11,"minecraft:diamond":91,"iceandfire:ectoplasm":2,"minecraft:cracked_stone_bricks":12,"minecraft:rail":18,"aquaculture:worm":3,"minecraft:leather_helmet":2,"minecraft:emerald":9,"minecraft:dirt":46,"biomesoplenty:redwood_log":62,"iceandfire:dragon_horn":1,"tombstone:scroll_of_true_sight":1,"magistuarmory:rusted_bastardsword":1,"iceandfire:armor_copper_metal_boots":2,"create:cut_calcite_bricks":307,"supplementaries:flax":1,"minecraft:gold_nugget":48,"minecraft:bone_meal":1,"minecraft:sand":32,"minecraft:iron_pickaxe":2,"magistuarmory:corruptedroundshield":2,"alexsmobs:raccoon_tail":2,"minecraft:white_wool":9,"occultism:butcher_knife":1,"butchersdelight:cow_hide":3,"minecraft:bone":52,"magistuarmory:rustedchainmail_leggings":1,"minecraft:oak_door":4,"minecraft:golden_chestplate":3,"minecraft:cobbled_deepslate":1889,"alexsmobs:animal_dictionary":1,"alexsmobs:crocodile_egg":1,"butchersdelight:deadsheep":12,"minecraft:wheat":131,"minecraft:obsidian":3,"minecraft:rotten_flesh":45,"chococraft:chocobo_drumstick_cooked":5,"minecraft:oak_planks":9,"justhammers:iron_hammer":5,"iceandfire:crackled_gravel":10,"minecraft:salmon":1,"supplementaries:flax_seeds":6,"vampirism:vampire_blood_bottle":10,"luckytntmod:deepslate_uranium_ore":2,"minecraft:brick_stairs":1,"create:scoria":353,"vampirism:vampire_fang":3,"minecraft:quartz_block":11,"magistuarmory:diamond_heavywarhammer":1,"minecraft:jungle_log":1,"k_turrets:raw_titanium":4,"minecraft:ladder":2,"iceandfire:bestiary":3,"minecraft:red_nether_bricks":2,"minecraft:beef":15,"iceandfire:manuscript":2,"minecraft:enchanted_book":2,"vampirism:item_garlic":7,"minecraft:egg":2,"tombstone:scroll_of_reach":1,"tombstone:scroll_of_feather_fall":1,"minecraft:iron_ingot":103,"minecraft:wheat_seeds":475,"vampirism:vampire_book":2,"minecraft:dripstone_block":1,"minecraft:oak_fence":3,"minecraft:cobblestone":561,"iceandfire:dragon_stick":2,"minecraft:granite":98,"chococraft:gysahl_green_seeds":29,"minecraft:coal":2,"minecraft:coal_block":8,"xercamod:vat":1,"minecraft:pufferfish":1,"magistuarmory:rustedcrusader_boots":3,"minecraft:oxeye_daisy":1,"minecraft:cobweb":2,"bygonenether:cobbled_blackstone":18,"doggytalents:sussy_sickle":2,"iceandfire:copper_nugget":359,"minecraft:rose_bush":5,"xercamod:item_tea_seeds":17,"magistuarmory:steel_ingot":9,"minecraft:potion":9,"minecraft:pumpkin":1,"minecraft:mossy_cobblestone_stairs":1,"magistuarmory:rustedbarbute":2,"minecraft:string":42,"butchersdelight:deadpig":3,"tombstone:voodoo_poppet":1,"create:raw_zinc":57,"biomesoplenty:jacaranda_fence":2,"croptopia:sea_lettuce":1,"alexsmobs:crocodile_scute":1,"create:ochrum":2,"minecraft:deepslate":1,"minecraft:white_carpet":11,"minecraft:clay_ball":10,"minecraft:iron_boots":2,"minecraft:stone_slab":2,"magistuarmory:rusted_heavymace":3,"minecraft:nether_bricks":2,"xercamod:item_rice_seeds":17,"xercamod:item_fish_bread":1,"minecraft:diamond_sword":5,"minecraft:potato":25,"minecraft:cobblestone_slab":1,"minecraft:allium":6,"alexsmobs:cockroach_wing_fragment":2,"minecraft:peony":1,"minecraft:bundle":5,"mutantmonsters:mutant_skeleton_limb":3,"minecraft:diamond_pickaxe":5,"minecraft:carved_pumpkin":1,"minecraft:spider_eye":21,"minecraft:stone_bricks":17,"minecraft:sandstone":1,"minecraft:bow":4,"iceandfire:crackled_stone":1,"croptopia:anchovy":4,"minecraft:magma_block":22,"iceandfire:dragon_skull_lightning":1,"minecraft:terracotta":3,"minecraft:nether_brick_stairs":6,"minecraft:brown_mushroom":1,"minecraft:oak_log":34,"minecraft:baked_potato":37,"aquaculture:brown_trout":1,"aquaculture:smallmouth_bass":1,"minecraft:leather":11,"aquaculture:minnow":4,"minecraft:iron_horse_armor":1,"magistuarmory:rustednorman_helmet":1,"croptopia:salt":9,"create:layered_calcite":258,"alexsmobs:bison_fur":5,"paraglider:spirit_orb":163,"minecraft:cod":1,"minecraft:cobblestone_stairs":1,"tombstone:bag_of_seeds":1,"minecraft:orange_carpet":11,"biomesoplenty:flowering_oak_sapling":2,"minecraft:cooked_cod":1,"farmersdelight:onion":2,"minecraft:pumpkin_pie":3,"croptopia:crab":2,"iceandfire:ash":2,"tombstone:scroll_of_preservation":1,"xercamod:item_tomato_seeds":13,"paraglider:paraglider":1,"croptopia:calamari":16,"minecraft:gold_ingot":23,"minecraft:gravel":16,"minecraft:white_tulip":1,"croptopia:corn":1,"mutantmonsters:mutant_skeleton_pelvis":1,"vampirism:holy_water_bottle_normal":1,"biomesoplenty:redwood_sapling":14,"aquaculture:perch":2,"tombstone:tablet_of_recall":1,"minecraft:beetroot":25,"vampirism:blood_bottle":4,"occultism:raw_silver":22,"artifacts:chorus_totem":1,"minecraft:carrot":128,"minecraft:chiseled_stone_bricks":1,"minecraft:poppy":1,"supplementaries:ash":152,"minecraft:gunpowder":823,"aquaculture:bluegill":1,"minecraft:beetroot_seeds":83,"doggytalents:rice_grains":33,"minecraft:iron_bars":43,"minecraft:arrow":2,"magistuarmory:rustedchainmail_boots":1,"biomesoplenty:redwood_door":1,"minecraft:netherrack":4,"croptopia:oyster":1,"minecraft:bread":169,"biomesoplenty:jacaranda_sapling":17,"magistuarmory:rustedkettlehat":3,"minecraft:golden_helmet":2,"minecraft:mossy_cobblestone":5,"iceandfire:dragonscales_green":6,"butchersdelight:deadgoat":1,"croptopia:clam":1,"magistuarmory:rustedgreathelm":1,"minecraft:grass_block":5,"vampirism:amulet":1,"minecraft:stick":17,"mca:book_romance":1,"minecraft:diorite":261,"iceandfire:dragonscales_black":18,"tombstone:magic_scroll":3,"iceandfire:crackled_dirt":3,"minecraft:torch":18,"tombstone:grave_key":4,"magistuarmory:halfarmor_chestplate":1,"chococraft:chocobo_drumstick_raw":2,"minecraft:nether_wart_block":1,"croptopia:tuna":1,"minecraft:brown_wool":2,"minecraft:iron_door":1,"tombstone:grave_dust":7,"minecraft:iron_leggings":4,"minecraft:iron_axe":2,"duckling:duck_egg":1,"minecraft:dandelion":2,"croptopia:glowing_calamari":8,"iceandfire:dragonbone":13,"minecraft:redstone":51,"alexsmobs:maggot":4,"minecraft:oak_trapdoor":8,"minecraft:coarse_dirt":3,"minecraft:raw_copper":6,"chococraft:chocobo_feather":5,"minecraft:tuff":328,"minecraft:raw_iron":12,"magistuarmory:rustedhalfarmor_chestplate":1,"theurgy:sal_ammoniac_crystal":26,"minecraft:stripped_oak_log":2,"minecraft:totem_of_undying":1,"minecraft:shield":6,"iceandfire:chared_cobblestone":6,"minecraft:iron_chestplate":3,"minecraft:andesite":87,"minecraft:mossy_stone_bricks":11,"minecraft:golden_leggings":2,"minecraft:oak_sapling":9,"tombstone:essence_of_undeath":2,"croptopia:peach":2,"minecraft:wooden_pickaxe":1,"minecraft:raw_gold":4,"minecraft:nautilus_shell":1,"minecraft:calcite":1,"chococraft:gysahl_green":12,"tombstone:tablet_of_cupidity":2},"minecraft:broken":{"magistuarmory:rustedcrusader_boots":1,"minecraft:iron_boots":9,"minecraft:iron_chestplate":4,"minecraft:iron_leggings":5,"minecraft:chainmail_boots":1,"minecraft:fishing_rod":1,"magistuarmory:rustedchainmail_boots":1,"magistuarmory:rustedgreathelm":2,"minecraft:shield":2,"minecraft:iron_axe":1,"minecraft:iron_helmet":9,"magistuarmory:rustedchainmail_leggings":1,"minecraft:leather_leggings":1,"minecraft:golden_leggings":1,"minecraft:stone_pickaxe":3,"minecraft:chainmail_chestplate":1,"minecraft:stone_axe":1,"minecraft:leather_boots":1},"minecraft:picked_up":{"minecraft:iron_chestplate":4,"xercamod:item_tea_seeds":21,"minecraft:chainmail_boots":1,"minecraft:anvil":1,"minecraft:lead":1,"minecraft:smithing_table":1,"minecraft:magenta_carpet":1,"minecraft:stone_slab":2,"minecraft:diamond_sword":10,"minecraft:enchanted_book":7,"croptopia:calamari":34,"minecraft:brewing_stand":1,"vampirism:holy_water_bottle_normal":2,"iceandfire:manuscript":4,"minecraft:string":64,"minecraft:red_nether_bricks":2,"minecraft:pufferfish":1,"minecraft:beetroot":35,"minecraft:gold_nugget":1433,"minecraft:cobbled_deepslate":2877,"minecraft:coal_block":16,"minecraft:golden_helmet":2,"minecraft:beehive":1,"untamedwilds:flora_common_reed":1,"minecraft:acacia_log":26,"magistuarmory:rusted_heavymace":4,"iceandfire:lightning_dragon_flesh":9,"vampirism:alchemical_cauldron":1,"minecraft:lightning_rod":3,"vampirism:amulet":3,"minecraft:golden_chestplate":3,"alexsmobs:centipede_leg":4,"mutantmonsters:mutant_skeleton_pelvis":1,"vampirism:blood_bottle":5,"create:scoria":417,"farmersdelight:onion":2,"create:ochrum":4,"iceandfire:fire_dragon_heart":1,"create:layered_calcite":98,"minecraft:iron_block":3,"minecraft:carved_pumpkin":1,"farmersdelight:rope":5,"supplementaries:ash":180,"minecraft:iron_bars":49,"iceandfire:dragonscales_black":18,"biomesoplenty:lavender":64,"croptopia:lettuce_seed":1,"magistuarmory:diamond_heavywarhammer":1,"decorative_blocks:chandelier":1,"minecraft:magma_block":24,"magistuarmory:rustedchainmail_boots":2,"minecraft:iron_door":2,"minecraft:jungle_log":1,"minecraft:brown_wool":2,"minecraft:smoker":3,"alexsmobs:bison_fur":7,"butchersdelight:deadpig":4,"magistuarmory:silver_chainmorgenstern":1,"minecraft:chipped_anvil":2,"theurgy:sal_ammoniac_crystal":82,"minecraft:stonecutter":3,"create:polished_cut_calcite_wall":3,"minecraft:glowstone_dust":2,"duckling:duck_egg":10,"tombstone:scroll_of_feather_fall":1,"aquaculture:worm":3,"croptopia:tuna":1,"vampirism:ring":2,"butchersdelight:skullcow":6,"alexsmobs:crocodile_egg":1,"iceandfire:dragon_skull_fire":14,"sophisticatedbackpacks:iron_backpack":1,"minecraft:ink_sac":71,"iceandfire:lightning_dragon_heart":2,"minecraft:trapped_chest":1,"xercamod:item_fish_bread":1,"minecraft:barrel":2,"iceandfire:chared_cobblestone":49,"minecraft:bundle":10,"minecraft:deepslate":1,"iceandfire:crackled_stone":1,"minecraft:lever":1,"minecraft:granite":161,"minecraft:bread":29,"alexsmobs:maggot":4,"iceandfire:raw_silver":3,"minecraft:diamond_pickaxe":3,"create:cut_calcite":1,"biomesoplenty:redwood_log":62,"iceandfire:dragon_skull_lightning":25,"minecraft:crafting_table":4,"minecraft:coarse_dirt":3,"xercamod:vat":6,"minecraft:clay_ball":10,"occultism:raw_silver":44,"biomesoplenty:jacaranda_sapling":102,"magistuarmory:halfarmor_chestplate":1,"minecraft:white_carpet":12,"minecraft:iron_shovel":1,"minecraft:cracked_stone_bricks":14,"butchersdelight:dead_cow":3,"biomesoplenty:jacaranda_slab":11,"iceandfire:graveyard_soil":1,"iceandfire:bestiary":2,"minecraft:beef":54,"minecraft:cyan_wool":4,"minecraft:iron_nugget":9,"minecraft:poppy":1,"minecraft:egg":9,"minecraft:sandstone":1,"minecraft:oak_door":6,"magistuarmory:rustedbarbute":2,"iceandfire:armor_copper_metal_boots":2,"minecraft:carrot":156,"minecraft:redstone":218,"minecraft:blue_carpet":1,"luckytntmod:deepslate_uranium_ore":2,"minecraft:tnt":2,"butchersdelight:deadsheep":16,"biomesoplenty:jacaranda_log":213,"minecraft:beetroot_seeds":105,"minecraft:peony":1,"minecraft:hay_block":74,"tombstone:essence_of_undeath":3,"create:cut_calcite_bricks":312,"minecraft:gold_ingot":23,"minecraft:totem_of_undying":4,"biomesoplenty:redwood_sapling":23,"minecraft:glow_berries":5,"minecraft:white_wool":78,"minecraft:rail":18,"minecraft:oxeye_daisy":1,"minecraft:stripped_oak_log":2,"xercamod:item_rice_seeds":19,"magistuarmory:rustedhalfarmor_chestplate":1,"vampirism:vampire_blood_bottle":5,"vampirism:item_tent":2,"minecraft:tripwire_hook":3,"croptopia:crab":2,"croptopia:glowing_calamari":11,"doggytalents:rice_grains":39,"spelunkers_charm:old_miners_bundle":1,"minecraft:oak_log":71,"minecraft:golden_boots":1,"mutantmonsters:mutant_skeleton_limb":3,"minecraft:paper":8,"butchersdelight:deadchiken":1,"dramaticdoors:tall_bop_jacaranda_door":2,"chococraft:chocobo_feather":8,"chococraft:gysahl_green":61,"minecraft:apple":4,"minecraft:stone_bricks":19,"alexsmobs:cockroach_wing_fragment":1,"minecraft:cobweb":2,"tombstone:bag_of_seeds":3,"minecraft:glass_bottle":6,"minecraft:iron_sword":5,"elevatorid:elevator_white":7,"iceandfire:chared_stone":78,"aquaculture:smallmouth_bass":1,"iceandfire:copper_nugget":871,"minecraft:gravel":17,"magistuarmory:rustednorman_helmet":1,"croptopia:oyster":1,"magistuarmory:rustedchainmail_leggings":2,"minecraft:leather_helmet":2,"biomesoplenty:flowering_oak_sapling":2,"croptopia:orange":26,"minecraft:ender_pearl":3,"chococraft:loverly_gysahl_green":1,"minecraft:wheat":233,"croptopia:clam":1,"alexscaves:cave_tablet":5,"minecraft:potion":9,"minecraft:stone_brick_stairs":1,"tombstone:grave_key":3,"alexsmobs:gazelle_horn":1,"butchersdelight:deadgoat":1,"croptopia:lettuce":1,"mutantmonsters:mutant_skeleton_skull":1,"minecraft:raw_copper":172,"minecraft:iron_leggings":3,"artifacts:aqua_dashers":1,"minecraft:white_tulip":1,"minecraft:rose_bush":5,"minecraft:redstone_torch":1,"minecraft:cobblestone_slab":1,"minecraft:calcite":4579,"minecraft:iron_pickaxe":2,"alexsmobs:raccoon_tail":2,"doggytalents:sussy_sickle":2,"minecraft:iron_boots":2,"minecraft:furnace":2,"minecraft:tipped_arrow":9,"iceandfire:pixie_dust":1,"minecraft:stick":83,"iceandfire:crackled_dirt":3,"minecraft:oak_fence":3,"minecraft:torch":152,"vampirism:holy_water_bottle_enhanced":1,"iceandfire:rotten_egg":1,"iceandfire:crackled_gravel":6,"vampirism:vampire_fang":6,"tombstone:grave_dust":22,"minecraft:diorite":269,"supplementaries:flax":1,"minecraft:quartz_block":26,"minecraft:rotten_flesh":86,"alexsmobs:capsid":5,"create:veridium":15,"chococraft:chocobo_drumstick_cooked":3,"chococraft:chocobo_drumstick_raw":6,"minecraft:obsidian":3,"minecraft:cod":2,"minecraft:cobblestone":2796,"minecraft:nautilus_shell":1,"occultism:datura_seeds":7,"vampirism:vampire_book":3,"minecraft:lilac":1,"minecraft:andesite":98,"minecraft:orange_carpet":21,"minecraft:black_bed":2,"minecraft:golden_leggings":5,"minecraft:potato":64,"biomesoplenty:redwood_door":1,"paraglider:spirit_orb":186,"minecraft:tuff":442,"create:raw_zinc":69,"supplementaries:flax_seeds":10,"minecraft:lapis_lazuli":46,"minecraft:dirt":497,"minecraft:polished_granite":3,"minecraft:name_tag":1,"minecraft:leather_boots":1,"minecraft:bone":114,"croptopia:corn":1,"minecraft:acacia_planks":7,"minecraft:bow":6,"minecraft:wheat_seeds":715,"minecraft:raw_gold":58,"vampirism:item_garlic":9,"minecraft:mossy_stone_bricks":16,"minecraft:powered_rail":3,"minecraft:oak_planks":78,"mcwbridges:cobblestone_bridge_stair":26,"justhammers:iron_hammer":4,"butchersdelight:cow_hide":6,"minecraft:sand":320,"minecraft:nether_brick_stairs":6,"minecraft:grass_block":13,"minecraft:cyan_bed":3,"magistuarmory:rustedgreathelm":3,"minecraft:mossy_cobblestone":17,"tombstone:scroll_of_mercy":1,"minecraft:diamond":188,"minecraft:soul_lantern":1,"magistuarmory:corruptedroundshield":2,"minecraft:crossbow":1,"minecraft:bone_meal":2,"minecraft:golden_apple":3,"minecraft:emerald":43,"minecraft:oak_sapling":13,"minecraft:netherrack":5,"minecraft:allium":6,"minecraft:ladder":227,"croptopia:peach":16,"minecraft:brown_mushroom":1,"create:polished_cut_calcite":45,"spelunkers_charm:deepslate_rock":17,"minecraft:gold_block":2,"minecraft:shield":4,"minecraft:oak_trapdoor":8,"biomesoplenty:jacaranda_fence":12,"minecraft:iron_axe":3,"aquaculture:bluegill":1,"minecraft:candle":2,"create:calcite_pillar":18,"xercamod:item_tomato_seeds":19,"minecraft:light_gray_wool":1,"minecraft:phantom_membrane":6,"minecraft:raw_iron":137,"iceandfire:dragonbone":82,"iceandfire:dragonscales_green":6,"untamedwilds:food_pachyderm_raw":4,"bygonenether:cobbled_blackstone":33,"aquaculture:perch":2,"magistuarmory:rustedkettlehat":4,"minecraft:iron_horse_armor":1,"alexsmobs:crocodile_scute":1,"minecraft:stone_pressure_plate":2,"minecraft:dark_oak_planks":2,"minecraft:arrow":86,"minecraft:nether_bricks":4,"k_turrets:raw_titanium":4,"croptopia:sea_lettuce":1,"minecraft:saddle":1,"create:cut_calcite_brick_stairs":1,"croptopia:salt":9,"minecraft:brick_stairs":1,"minecraft:glow_ink_sac":18,"minecraft:salmon":1,"minecraft:leather":32,"artifacts:onion_ring":1,"minecraft:chainmail_chestplate":4,"iceandfire:ectoplasm":2,"minecraft:cobblestone_wall":10,"biomesoplenty:jacaranda_planks":44,"minecraft:nether_wart_block":1,"minecraft:gunpowder":832,"minecraft:cobblestone_stairs":8,"vampirism:human_heart":1,"untamedwilds:material_fat":13,"chococraft:gold_gysahl":1,"iceandfire:dragon_stick":1,"minecraft:iron_ingot":1,"croptopia:anchovy":4,"aquaculture:minnow":2,"iceandfire:fire_dragon_flesh":3,"minecraft:book":1,"minecraft:pumpkin":1,"minecraft:chiseled_stone_bricks":3,"iceandfire:ash":3,"minecraft:dandelion":2,"minecraft:dripstone_block":1,"create:polished_cut_calcite_stairs":63,"chococraft:gysahl_green_seeds":30,"minecraft:blast_furnace":3,"minecraft:white_bed":3,"minecraft:spider_eye":30,"minecraft:pumpkin_seeds":2,"magistuarmory:rusted_bastardsword":2,"magistuarmory:rustedcrusader_boots":4,"minecraft:mossy_cobblestone_stairs":1,"minecraft:terracotta":3,"tombstone:magic_scroll":2,"spelunkers_charm:rock":8,"minecraft:coal":166},"minecraft:custom":{"minecraft:interact_with_crafting_table":168,"minecraft:open_barrel":24,"minecraft:leave_game":39,"minecraft:time_since_death":114415,"minecraft:damage_blocked_by_shield":11564,"minecraft:play_time":2465766,"minecraft:deaths":89,"minecraft:jump":40804,"minecraft:enchant_item":19,"minecraft:interact_with_furnace":62,"minecraft:interact_with_cartography_table":1,"minecraft:sleep_in_bed":26,"minecraft:damage_dealt":100169,"tombstone:undead_killed":187,"minecraft:interact_with_smoker":14,"minecraft:interact_with_smithing_table":2,"minecraft:horse_one_cm":4020,"minecraft:interact_with_anvil":10,"vampirism:amount_bitten":545,"minecraft:damage_dealt_absorbed":120,"minecraft:sneak_time":88438,"minecraft:interact_with_lectern":1,"minecraft:interact_with_blast_furnace":47,"minecraft:total_world_time":2465766,"vampirism:blood_drunk":128900,"tombstone:raider_killed":35,"minecraft:interact_with_stonecutter":60,"minecraft:time_since_rest":0,"vampirism:resurrected":10,"tombstone:cast_on_ally":5,"minecraft:swim_one_cm":900361,"minecraft:fly_one_cm":7822663,"minecraft:open_chest":1048,"minecraft:fish_caught":11,"minecraft:fall_one_cm":872367,"minecraft:animals_bred":21,"minecraft:damage_resisted":161,"minecraft:sprint_one_cm":7302034,"minecraft:drop":1042,"minecraft:talked_to_villager":11,"minecraft:walk_on_water_one_cm":520935,"vampirism:interact_with_research_table":2,"minecraft:player_kills":4,"minecraft:crouch_one_cm":332478,"tombstone:villager_killed":1,"minecraft:mob_kills":460,"minecraft:damage_dealt_resisted":3596,"minecraft:climb_one_cm":447008,"minecraft:walk_one_cm":8159793,"vampirism:skills_unlocked":75,"minecraft:walk_under_water_one_cm":649128,"minecraft:damage_taken":12893095,"minecraft:damage_absorbed":396,"minecraft:trigger_trapped_chest":3},"minecraft:killed":{"untamedwilds:hippo":1,"minecraft:cave_spider":9,"vampirism:vampire":7,"vampirism:advanced_vampire":1,"alexsmobs:enderiophage":10,"minecraft:skeleton":62,"untamedwilds:camel":1,"alexsmobs:leafcutter_ant":5,"vampirism:advanced_hunter":2,"alexsmobs:centipede_head":1,"mutantmonsters:mutant_skeleton":1,"minecraft:pillager":2,"minecraft:zombie":77,"untamedwilds:bison":2,"iceandfire:lightning_dragon":2,"takesapillage:archer":2,"chococraft:chocobo":5,"mca:female_zombie_villager":3,"minecraft:evoker":3,"mca:male_zombie_villager":2,"alexsmobs:raccoon":4,"minecraft:vindicator":19,"minecraft:husk":1,"minecraft:wandering_trader":1,"alexsmobs:crocodile":1,"iceandfire:ghost":10,"minecraft:enderman":3,"minecraft:spider":60,"minecraft:silverfish":16,"aquaculture:perch":1,"artifacts:mimic":1,"minecraft:creeper":7,"vampirism:hunter":12,"minecraft:sheep":7,"minecraft:stray":21,"alexsmobs:fly":1,"iceandfire:pixie":1,"minecraft:vex":14,"minecraft:phantom":6,"iceandfire:fire_dragon":2,"takesapillage:clay_golem":2,"alexsmobs:bison":3,"minecraft:drowned":2,"minecraft:squid":34,"alexsmobs:cockroach":1,"minecraft:wither_skeleton":2},"minecraft:killed_by":{"vampirism:advanced_vampire":1,"minecraft:vindicator":1,"minecraft:zombie":3,"vampirism:vampire":1,"minecraft:vex":6,"mca:female_zombie_villager":1,"vampirism:advanced_hunter":1,"minecraft:stray":2,"iceandfire:hydra":1,"mutantmonsters:mutant_skeleton":2,"minecraft:creeper":1,"iceandfire:fire_dragon":19,"minecraft:player":10,"minecraft:spider":2,"minecraft:skeleton":4,"iceandfire:lightning_dragon":6,"rakerm:rake":8}},"DataVersion":3465}