{"stats":{"minecraft:picked_up":{"chococraft:loverly_gysahl_green":6,"minecraft:iron_chestplate":1,"croptopia:shrimp":11,"minecraft:wheat":67,"croptopia:clam":7,"aquaculture:synodontis":12,"xercamod:item_tea_seeds":14,"minecraft:yellow_wool":2,"minecraft:diamond_sword":2,"minecraft:enchanted_book":4,"minecraft:wither_rose":1,"minecraft:potion":5,"tombstone:grave_key":1,"minecraft:brewing_stand":1,"vampirism:holy_water_bottle_normal":1,"minecraft:string":31,"minecraft:raw_copper":71,"minecraft:iron_leggings":2,"minecraft:pufferfish":11,"croptopia:hamburger":7,"minecraft:beetroot":2,"minecraft:cobbled_deepslate":14992,"comforts:sleeping_bag_white":1,"minecraft:iron_boots":1,"minecraft:tipped_arrow":1,"minecraft:stick":221,"untamedwilds:flora_common_reed":1,"minecraft:composter":1,"minecraft:torch":98,"magistuarmory:rusted_heavymace":3,"tombstone:grave_dust":34,"minecraft:pointed_dripstone":6,"vampirism:vampire_fang":1,"minecraft:diorite":31,"magistuarmory:rustedcrusader_chestplate":2,"tombstone:tablet_of_cupidity":2,"vampirism:blood_bottle":2,"create:wand_of_symmetry":1,"minecraft:rotten_flesh":95,"croptopia:persimmon":20,"minecraft:tropical_fish":1,"aquaculture:algae":1,"create:ochrum":8,"vampirism:hunter_coat_feet_ultimate":1,"create:veridium":4,"chococraft:chocobo_drumstick_cooked":2,"supplementaries:ash":44,"aquaculture:tin_can":1,"minecraft:iron_bars":20,"minecraft:cod":41,"minecraft:cobblestone":611,"biomesoplenty:lavender":5,"occultism:datura_seeds":10,"minecraft:lilac":2,"minecraft:cooked_beef":129,"magistuarmory:rustedchainmail_boots":1,"xercamod:item_iron_warhammer":1,"minecraft:andesite":50,"minecraft:golden_leggings":2,"minecraft:potato":35,"alexsmobs:bison_fur":7,"biomesoplenty:fir_sapling":20,"biomesoplenty:fir_log":84,"biomesoplenty:redwood_door":7,"paraglider:spirit_orb":75,"butchersdelight:deadpig":13,"minecraft:flint":1,"create:raw_zinc":126,"minecraft:tuff":241,"minecraft:lapis_lazuli":99,"minecraft:dirt":844,"minecraft:leather_boots":3,"minecraft:bone":52,"theurgy:sal_ammoniac_crystal":51,"minecraft:cobbled_deepslate_wall":10,"minecraft:wheat_seeds":328,"minecraft:raw_gold":23,"vampirism:item_garlic":6,"minecraft:mossy_stone_bricks":10,"minecraft:oak_planks":98,"croptopia:lime":4,"aquaculture:gar":2,"vampirism:ring":1,"croptopia:tuna":17,"minecraft:oak_pressure_plate":1,"tombstone:scroll_of_feather_fall":1,"justhammers:iron_hammer":1,"vampirism:crucifix_normal":1,"minecraft:ink_sac":10,"minecraft:diamond_block":64,"xercamod:item_fish_bread":4,"minecraft:mossy_cobblestone":5,"minecraft:bundle":6,"minecraft:iron_hoe":1,"minecraft:diamond":57,"iceandfire:lectern":1,"aquaculture:bayad":3,"magistuarmory:corruptedroundshield":2,"minecraft:bone_meal":2,"minecraft:bread":118,"minecraft:chainmail_helmet":1,"minecraft:emerald":18,"alexsmobs:maggot":3,"aquaculture:box":1,"minecraft:oak_sapling":322,"minecraft:netherrack":9,"iceandfire:raw_silver":10,"minecraft:fishing_rod":3,"minecraft:diamond_pickaxe":1,"iceandfire:dragon_skull_lightning":2,"minecraft:crafting_table":2,"minecraft:chicken":1,"croptopia:peach":18,"minecraft:brown_mushroom":3,"occultism:raw_silver":85,"vampirism:heart_striker_enhanced":1,"biomesoplenty:jacaranda_sapling":2,"croptopia:currant":1,"minecraft:shield":1,"minecraft:oak_trapdoor":8,"minecraft:iron_axe":2,"iceandfire:bestiary":2,"minecraft:cracked_stone_bricks":1,"aquaculture:bluegill":13,"minecraft:candle":2,"minecraft:beef":65,"aquaculture:diamond_fishing_rod":1,"minecraft:iron_nugget":9,"minecraft:poppy":1,"xercamod:item_tomato_seeds":26,"minecraft:sugar_cane":32,"minecraft:chest":2,"minecraft:egg":4,"minecraft:phantom_membrane":3,"minecraft:raw_iron":73,"minecraft:stone":2,"minecraft:oak_door":2,"minecraft:copper_ingot":1,"iceandfire:chared_grass":2,"magistuarmory:rustedbarbute":2,"aquaculture:perch":13,"magistuarmory:rustedkettlehat":2,"minecraft:carrot":125,"minecraft:redstone":228,"minecraft:iron_horse_armor":2,"luckytntmod:deepslate_uranium_ore":10,"tombstone:lost_tablet":2,"minecraft:arrow":44,"minecraft:beetroot_seeds":68,"minecraft:pumpkin_pie":3,"iceandfire:chared_dirt":6,"aquaculture:brown_trout":5,"k_turrets:raw_titanium":9,"croptopia:sea_lettuce":10,"alexscaves:spelunkery_table":1,"aquaculture:carp":10,"minecraft:gold_ingot":17,"tombstone:essence_of_undeath":3,"minecraft:skeleton_skull":1,"minecraft:white_wool":6,"minecraft:oxeye_daisy":1,"minecraft:stripped_oak_log":2,"minecraft:lime_bed":1,"xercamod:item_rice_seeds":15,"vampirism:vampire_blood_bottle":3,"magistuarmory:rustedhalfarmor_chestplate":5,"croptopia:beef_stew":2,"minecraft:salmon":13,"croptopia:crab":8,"minecraft:leather":28,"doggytalents:rice_grains":45,"spelunkers_charm:old_miners_bundle":2,"minecraft:oak_log":616,"minecraft:chainmail_chestplate":2,"minecraft:lily_pad":1,"minecraft:gunpowder":74,"aquaculture:rainbow_trout":4,"butchersdelight:deadchiken":2,"chococraft:chocobo_feather":3,"chococraft:gysahl_green":116,"minecraft:apple":81,"minecraft:stone_bricks":7,"chococraft:gold_gysahl":7,"minecraft:iron_ingot":1,"croptopia:anchovy":19,"tombstone:bag_of_seeds":2,"aquaculture:minnow":14,"minecraft:glass_bottle":3,"minecraft:iron_sword":2,"minecraft:book":27,"croptopia:currant_seed":2,"iceandfire:chared_stone":6,"iceandfire:dragonegg_black":1,"aquaculture:smallmouth_bass":2,"iceandfire:copper_nugget":2,"minecraft:smooth_basalt":9,"magistuarmory:rustedchainmail_chestplate":1,"minecraft:chiseled_stone_bricks":5,"minecraft:dandelion":3,"iceandfire:ash":2,"rakerm:killstick":1,"minecraft:gravel":7,"minecraft:amethyst_shard":5,"magistuarmory:rustednorman_helmet":1,"croptopia:oyster":6,"chococraft:gysahl_green_seeds":62,"minecraft:blast_furnace":2,"magistuarmory:rustedchainmail_leggings":2,"justhammers:diamond_hammer":1,"minecraft:spider_eye":13,"aquaculture:message_in_a_bottle":1,"aquaculture:boulti":4,"magistuarmory:rusted_bastardsword":4,"minecraft:stone_axe":1,"tombstone:scroll_of_knowledge":1,"magistuarmory:rustedcrusader_boots":5,"croptopia:orange":31,"minecraft:iron_helmet":1,"tombstone:magic_scroll":4,"iceandfire:chared_gravel":1,"minecraft:coal":185,"minecraft:ender_pearl":1},"minecraft:mined":{"create:deepslate_zinc_ore":44,"minecraft:farmland":2,"iceandfire:graveyard_soil":10,"minecraft:brewing_stand":1,"minecraft:grass_block":479,"iceandfire:lectern":1,"minecraft:oak_pressure_plate":1,"minecraft:composter":1,"minecraft:chiseled_stone_bricks":5,"minecraft:spawner":12,"theurgy:deepslate_sal_ammoniac_ore":11,"minecraft:tall_seagrass":1,"minecraft:iron_ore":35,"minecraft:fire":13,"minecraft:cobbled_deepslate":194,"biomesoplenty:lavender":6,"minecraft:deepslate_lapis_ore":8,"biomesoplenty:redwood_door":7,"supplementaries:stick":1,"chococraft:gysahl_green":52,"minecraft:pointed_dripstone":5,"minecraft:iron_bars":14,"occultism:silver_ore":4,"create:veridium":11,"biomesoplenty:jacaranda_leaves":1,"minecraft:deepslate_redstone_ore":26,"minecraft:torch":38,"minecraft:blast_furnace":2,"minecraft:poppy":1,"minecraft:chest":2,"spelunkers_charm:deepslate_geyser":1,"minecraft:cobblestone":23,"minecraft:oak_planks":95,"minecraft:sugar_cane":11,"aquaculture:farmland":17,"minecraft:wall_torch":8,"minecraft:deepslate_copper_ore":5,"minecraft:skeleton_skull":1,"minecraft:yellow_wool":3,"minecraft:wheat":80,"minecraft:lilac":2,"biomesoplenty:fir_log":130,"minecraft:wither_rose":1,"minecraft:grass":206,"biomesoplenty:clover":4,"minecraft:oak_log":544,"minecraft:beetroots":2,"minecraft:dirt":302,"minecraft:smooth_basalt":9,"croptopia:currant_crop":1,"minecraft:oak_leaves":5,"minecraft:deepslate":493,"iceandfire:chared_stone":10,"minecraft:tuff":67,"iceandfire:silver_ore":8,"minecraft:mossy_cobblestone":7,"minecraft:deepslate_diamond_ore":45,"biomesoplenty:bush":15,"create:ochrum":8,"occultism:silver_ore_deepslate":10,"iceandfire:chared_dirt":8,"butchersdelight:deadpigblock":10,"biomesoplenty:jacaranda_sapling":1,"iceandfire:chared_grass":1,"minecraft:oak_trapdoor":8,"minecraft:carrots":5,"minecraft:andesite":50,"iceandfire:chared_gravel":8,"minecraft:bookshelf":9,"minecraft:potatoes":4,"biomesoplenty:high_grass":5,"minecraft:deepslate_iron_ore":31,"minecraft:vine":9,"minecraft:stripped_oak_log":1,"minecraft:stone":614,"minecraft:white_wool":3,"minecraft:dandelion":1,"minecraft:crafting_table":2,"minecraft:cobbled_deepslate_wall":10,"minecraft:emerald_ore":2,"spelunkers_charm:dead_grass":1,"minecraft:copper_ore":16,"minecraft:tall_grass":29,"biomesoplenty:high_grass_plant":1,"minecraft:lapis_ore":1,"biomesoplenty:huge_clover_petal":2,"biomesoplenty:sprout":1,"theurgy:sal_ammoniac_ore":30,"minecraft:deepslate_gold_ore":15,"butchersdelight:deadchickenblock":1,"minecraft:diorite":36,"minecraft:air":34,"supplementaries:urn":22,"minecraft:lime_bed":1,"k_turrets:titanium_ore":5,"minecraft:coal_ore":145,"minecraft:gravel":16,"minecraft:cobweb":2,"minecraft:cracked_stone_bricks":1,"minecraft:stone_bricks":7,"minecraft:mossy_stone_bricks":8,"minecraft:fern":1},"minecraft:crafted":{"minecraft:oak_planks":668,"minecraft:stone":11,"tombstone:decorative_tombstone":1,"minecraft:diamond_shovel":1,"iceandfire:armor_copper_metal_boots":1,"minecraft:iron_boots":3,"iceandfire:armor_copper_metal_chestplate":1,"justhammers:diamond_hammer":3,"minecraft:chest":27,"sophisticatedbackpacks:backpack":1,"minecraft:crafting_table":16,"minecraft:wooden_pickaxe":1,"minecraft:iron_helmet":2,"minecraft:baked_potato":29,"create:zinc_nugget":63,"minecraft:cobbled_deepslate_wall":120,"minecraft:copper_ingot":25,"croptopia:cooked_shrimp":2,"biomesoplenty:fir_planks":128,"minecraft:iron_chestplate":1,"minecraft:diamond_pickaxe":1,"minecraft:charcoal":186,"create:water_wheel":6,"minecraft:shield":2,"sophisticatedbackpacks:diamond_backpack":1,"minecraft:stick":528,"minecraft:iron_ingot":79,"minecraft:iron_pickaxe":2,"minecraft:stone_sword":1,"minecraft:gold_ingot":18,"minecraft:wooden_sword":1,"minecraft:oak_door":9,"minecraft:stone_shovel":1,"minecraft:fishing_rod":3,"comforts:sleeping_bag_white":1,"tombstone:strange_tablet":2,"minecraft:furnace":8,"iceandfire:armor_copper_metal_leggings":1,"minecraft:bone_meal":3,"xercamod:item_iron_warhammer":1,"iceandfire:armor_copper_metal_helmet":1,"minecraft:iron_axe":2,"minecraft:ladder":102,"minecraft:stone_pickaxe":8,"sophisticatedbackpacks:iron_backpack":1,"minecraft:cooked_beef":65,"paraglider:paraglider":1,"minecraft:cooked_cod":41,"minecraft:iron_sword":2,"create:large_water_wheel":6,"aquaculture:diamond_fishing_rod":1,"minecraft:cooked_salmon":9,"sophisticatedbackpacks:gold_backpack":1,"minecraft:bucket":1,"minecraft:stone_axe":1,"minecraft:bread":21,"minecraft:air":0,"justhammers:iron_hammer":9,"tombstone:dark_marble":11,"minecraft:wooden_axe":1,"minecraft:iron_shovel":1,"create:shaft":64,"minecraft:torch":1016,"create:zinc_ingot":57},"minecraft:broken":{"magistuarmory:rustedcrusader_boots":1,"minecraft:iron_boots":2,"minecraft:iron_chestplate":1,"minecraft:iron_leggings":2,"minecraft:golden_leggings":1,"minecraft:stone_pickaxe":7,"minecraft:chainmail_chestplate":1,"minecraft:stone_axe":2,"minecraft:fishing_rod":1,"minecraft:stone_shovel":1,"iceandfire:armor_copper_metal_helmet":1,"minecraft:leather_helmet":1,"minecraft:chainmail_leggings":1,"minecraft:shield":1,"minecraft:iron_axe":1,"minecraft:iron_pickaxe":2,"minecraft:iron_helmet":4,"magistuarmory:rustedbarbute":1},"minecraft:killed":{"vampirism:vampire":6,"minecraft:cave_spider":1,"minecraft:witch":3,"vampirism:advanced_vampire":2,"minecraft:spider":27,"minecraft:skeleton":40,"minecraft:silverfish":5,"creeperoverhaul:cave_creeper":3,"untamedwilds:boar":2,"mutantmonsters:mutant_skeleton":1,"minecraft:creeper":8,"minecraft:sheep":2,"minecraft:zombie":94,"minecraft:stray":1,"untamedwilds:bison":6,"mca:male_zombie_villager":1,"minecraft:phantom":5,"alexsmobs:bison":4,"minecraft:drowned":6,"alexsmobs:crocodile":1,"iceandfire:ghost":1,"minecraft:enderman":1},"minecraft:killed_by":{"minecraft:zombie":3,"iceandfire:fire_dragon":4,"minecraft:player":3,"minecraft:spider":1,"untamedwilds:bison":1,"alexsmobs:bison":1,"mutantmonsters:mutant_skeleton":5,"minecraft:skeleton":1,"rakerm:rake":4,"iceandfire:ghost":2},"minecraft:custom":{"minecraft:interact_with_crafting_table":161,"minecraft:open_barrel":6,"goblintraders:trade_with_goblin":4,"minecraft:leave_game":25,"minecraft:time_since_death":81120,"minecraft:sprint_one_cm":3746341,"minecraft:damage_blocked_by_shield":3059,"minecraft:drop":510,"minecraft:talked_to_villager":1,"minecraft:play_time":1345022,"minecraft:deaths":30,"minecraft:jump":13710,"minecraft:walk_on_water_one_cm":179342,"minecraft:interact_with_furnace":134,"minecraft:interact_with_cartography_table":1,"minecraft:sleep_in_bed":2,"minecraft:damage_dealt":53470,"minecraft:player_kills":5,"minecraft:crouch_one_cm":554179,"tombstone:undead_killed":149,"minecraft:mob_kills":225,"minecraft:damage_dealt_resisted":462,"minecraft:climb_one_cm":221943,"vampirism:interact_alchemical_cauldron":1,"minecraft:walk_one_cm":3599803,"tombstone:consume_soul":2,"minecraft:sneak_time":119103,"minecraft:walk_under_water_one_cm":199049,"minecraft:interact_with_lectern":1,"minecraft:interact_with_blast_furnace":3,"minecraft:total_world_time":1345022,"vampirism:interact_with_injection_chair":1,"tombstone:raider_killed":8,"minecraft:time_since_rest":80666,"minecraft:damage_taken":56414,"minecraft:trigger_trapped_chest":1,"minecraft:swim_one_cm":470786,"minecraft:fly_one_cm":3290881,"minecraft:open_chest":618,"minecraft:fish_caught":216,"minecraft:fall_one_cm":267422},"minecraft:dropped":{"minecraft:iron_sword":4,"aquaculture:box":1,"minecraft:candle":4,"occultism:datura_seeds":7,"minecraft:brown_mushroom":2,"chococraft:loverly_gysahl_green":6,"minecraft:cooked_beef":2,"minecraft:glass_bottle":3,"minecraft:diamond":4,"minecraft:leather":5,"minecraft:iron_horse_armor":1,"alexsmobs:bison_fur":1,"vampirism:hunter_coat_feet_ultimate":1,"biomesoplenty:fir_sapling":20,"minecraft:flint":1,"minecraft:dirt":8,"tombstone:bag_of_seeds":2,"magistuarmory:rusted_bastardsword":3,"minecraft:cooked_cod":10,"iceandfire:chared_gravel":1,"iceandfire:armor_copper_metal_boots":1,"minecraft:wooden_sword":1,"minecraft:bone_meal":2,"magistuarmory:corruptedroundshield":1,"xercamod:item_tomato_seeds":11,"minecraft:fishing_rod":3,"minecraft:bone":15,"minecraft:gold_ingot":5,"magistuarmory:rustedchainmail_leggings":1,"minecraft:oak_door":2,"minecraft:gravel":7,"minecraft:stone_axe":1,"minecraft:sugar_cane":11,"minecraft:iron_nugget":18,"minecraft:cobbled_deepslate":576,"alexsmobs:animal_dictionary":1,"vampirism:holy_water_bottle_normal":1,"alexscaves:cave_tablet":5,"minecraft:wheat":4,"minecraft:beetroot":2,"minecraft:rotten_flesh":35,"chococraft:chocobo_drumstick_cooked":2,"minecraft:oak_planks":4,"vampirism:blood_bottle":2,"occultism:raw_silver":6,"justhammers:iron_hammer":10,"aquaculture:synodontis":2,"minecraft:chiseled_stone_bricks":3,"supplementaries:ash":21,"luckytntmod:deepslate_uranium_ore":8,"minecraft:gunpowder":2,"vampirism:vampire_blood_bottle":2,"minecraft:beetroot_seeds":64,"iceandfire:bestiary":1,"k_turrets:raw_titanium":3,"minecraft:ladder":2,"magistuarmory:rustedchainmail_chestplate":1,"doggytalents:rice_grains":16,"minecraft:arrow":15,"iceandfire:armor_copper_metal_leggings":1,"iceandfire:chared_grass":2,"minecraft:netherrack":9,"iceandfire:manuscript":2,"vampirism:item_garlic":6,"justhammers:diamond_hammer":3,"tombstone:scroll_of_feather_fall":1,"minecraft:enchanted_book":1,"croptopia:persimmon":20,"minecraft:bread":34,"magistuarmory:rustedkettlehat":2,"minecraft:wheat_seeds":186,"chococraft:gold_gysahl":6,"minecraft:tnt":2,"minecraft:mossy_cobblestone":5,"biomesoplenty:lavender":5,"iceandfire:armor_copper_metal_chestplate":1,"minecraft:cobblestone":12,"croptopia:orange":21,"minecraft:apple":44,"chococraft:gysahl_green_seeds":50,"minecraft:copper_ingot":1,"minecraft:stick":22,"minecraft:pufferfish":2,"magistuarmory:rustedcrusader_boots":4,"minecraft:oxeye_daisy":1,"mca:book_romance":1,"aquaculture:diamond_fishing_rod":1,"minecraft:diorite":23,"minecraft:ink_sac":10,"iceandfire:copper_nugget":2,"minecraft:torch":11,"tombstone:grave_key":1,"minecraft:wooden_axe":1,"xercamod:item_tea_seeds":11,"minecraft:potion":4,"minecraft:iron_leggings":2,"minecraft:iron_axe":1,"vampirism:ring":1,"minecraft:paper":6,"butchersdelight:deadpig":2,"minecraft:string":6,"create:raw_zinc":26,"minecraft:redstone":54,"minecraft:dandelion":2,"minecraft:smooth_basalt":9,"croptopia:sea_lettuce":4,"alexsmobs:maggot":1,"create:ochrum":8,"minecraft:oak_trapdoor":8,"minecraft:stone_sword":1,"chococraft:chocobo_feather":3,"minecraft:tuff":125,"farmersdelight:cabbage_seeds":4,"minecraft:chicken":1,"magistuarmory:rustedhalfarmor_chestplate":3,"minecraft:iron_boots":2,"magistuarmory:rusted_heavymace":3,"xercamod:item_rice_seeds":13,"minecraft:potato":4,"minecraft:shield":1,"create:veridium":4,"minecraft:diamond_pickaxe":1,"minecraft:iron_chestplate":2,"xercamod:item_iron_warhammer":2,"minecraft:andesite":42,"minecraft:mossy_stone_bricks":9,"minecraft:oak_sapling":257,"minecraft:stone_bricks":1,"minecraft:spider_eye":16,"minecraft:wooden_pickaxe":1,"minecraft:raw_gold":8,"croptopia:lime":2,"chococraft:gysahl_green":11},"minecraft:used":{"magistuarmory:rusted_heavymace":8,"iceandfire:lectern":1,"minecraft:iron_shovel":69,"minecraft:ladder":100,"minecraft:chest":28,"minecraft:shield":45,"minecraft:iron_sword":1070,"doggytalents:rice_grains":13,"aquaculture:bluegill":2,"minecraft:carrot":173,"minecraft:tuff":11,"aquaculture:rainbow_trout":3,"tombstone:tablet_of_cupidity":3,"minecraft:iron_helmet":1,"aquaculture:diamond_fishing_rod":150,"minecraft:stone_bricks":6,"biomesoplenty:jacaranda_sapling":2,"croptopia:peach":18,"minecraft:cooked_cod":24,"minecraft:oak_sapling":2,"minecraft:furnace":8,"minecraft:skeleton_skull":1,"minecraft:egg":4,"minecraft:potato":1,"minecraft:diorite":6,"minecraft:mossy_stone_bricks":1,"minecraft:oak_planks":134,"minecraft:stone_pickaxe":1005,"minecraft:wooden_pickaxe":57,"minecraft:chainmail_helmet":1,"minecraft:composter":1,"minecraft:white_wool":3,"minecraft:glow_berries":2,"croptopia:hamburger":6,"croptopia:orange":10,"minecraft:bread":119,"tombstone:grave_key":1,"minecraft:oak_pressure_plate":1,"xercamod:item_fish_bread":4,"minecraft:diamond_sword":110,"minecraft:wooden_sword":15,"minecraft:andesite":7,"chococraft:gysahl_green":105,"croptopia:shrimp":2,"minecraft:bone_meal":2,"minecraft:stone_sword":95,"biomesoplenty:redwood_door":7,"minecraft:stone_shovel":120,"xercamod:item_tea_seeds":2,"minecraft:cooked_salmon":9,"minecraft:cooked_chicken":2,"minecraft:oak_door":3,"minecraft:stick":1,"minecraft:torch":1162,"minecraft:dirt":360,"croptopia:cooked_shrimp":2,"tombstone:decorative_tombstone":1,"minecraft:wooden_axe":52,"minecraft:iron_axe":585,"tombstone:gift":8,"comforts:sleeping_bag_white":1,"minecraft:cooked_beef":71,"minecraft:cobbled_deepslate":19075,"create:wand_of_symmetry":4,"minecraft:cobbled_deepslate_wall":258,"minecraft:wheat_seeds":134,"minecraft:water_bucket":6,"croptopia:clam":3,"xercamod:item_tomato_seeds":7,"minecraft:baked_potato":30,"iceandfire:dragon_skull_lightning":2,"iceandfire:chared_dirt":6,"justhammers:diamond_hammer":878,"minecraft:crafting_table":18,"croptopia:beef_stew":2,"justhammers:iron_hammer":754,"minecraft:diamond_pickaxe":284,"minecraft:apple":32,"minecraft:diamond_shovel":525,"minecraft:iron_pickaxe":744,"minecraft:yellow_wool":2,"minecraft:stone_axe":285,"minecraft:chiseled_stone_bricks":2,"minecraft:fishing_rod":130,"minecraft:potion":1,"minecraft:cobblestone":224,"minecraft:bucket":7,"minecraft:pumpkin_pie":3,"minecraft:wither_rose":1}},"DataVersion":3465}