{"stats":{"minecraft:killed_by":{"minecraft:vindicator":1,"minecraft:zombie":3,"vampirism:hunter":1,"iceandfire:fire_dragon":16,"minecraft:player":1,"minecraft:spider":1,"minecraft:skeleton":1,"iceandfire:lightning_dragon":5},"minecraft:killed":{"vampirism:vampire":3,"untamedwilds:large_snake":1,"minecraft:witch":1,"creeperoverhaul:beach_creeper":2,"untamedwilds:wildebeest":1,"minecraft:spider":23,"minecraft:skeleton":4,"vampirism:advanced_hunter":2,"mutantmonsters:mutant_skeleton":1,"minecraft:creeper":1,"vampirism:hunter":3,"minecraft:sheep":31,"minecraft:zombie":21,"untamedwilds:bison":1,"iceandfire:lightning_dragon":1,"minecraft:evoker":2,"minecraft:vex":1,"alexsmobs:raccoon":1,"minecraft:vindicator":6,"untamedwilds:opossum":1,"iceandfire:fire_dragon":1,"takesapillage:clay_golem":1,"untamedwilds:big_cat":1,"alexsmobs:emu":1,"iceandfire:ghost":1,"alexsmobs:gazelle":1,"minecraft:wither_skeleton":1},"minecraft:custom":{"minecraft:animals_bred":27,"minecraft:interact_with_crafting_table":96,"minecraft:open_barrel":20,"minecraft:bell_ring":1,"minecraft:leave_game":10,"minecraft:time_since_death":363697,"minecraft:damage_resisted":119,"minecraft:sprint_one_cm":2649436,"minecraft:damage_blocked_by_shield":10051,"minecraft:drop":1486,"minecraft:talked_to_villager":2,"minecraft:play_time":1196804,"minecraft:deaths":37,"minecraft:jump":16487,"minecraft:walk_on_water_one_cm":259581,"minecraft:interact_with_furnace":101,"minecraft:interact_with_cartography_table":1,"minecraft:sleep_in_bed":10,"minecraft:damage_dealt":35273,"minecraft:player_kills":4,"minecraft:crouch_one_cm":69584,"tombstone:undead_killed":28,"minecraft:interact_with_smoker":6,"minecraft:horse_one_cm":82075,"minecraft:interact_with_anvil":8,"minecraft:mob_kills":144,"minecraft:interact_with_campfire":3,"minecraft:damage_dealt_resisted":795,"minecraft:climb_one_cm":92015,"vampirism:amount_bitten":319,"minecraft:walk_one_cm":3978539,"vampirism:skills_unlocked":28,"minecraft:damage_dealt_absorbed":40,"minecraft:sneak_time":28559,"minecraft:walk_under_water_one_cm":308968,"minecraft:interact_with_blast_furnace":38,"minecraft:total_world_time":1196804,"vampirism:blood_drunk":70600,"tombstone:raider_killed":10,"minecraft:interact_with_stonecutter":13,"minecraft:time_since_rest":362254,"vampirism:resurrected":29,"minecraft:damage_taken":2915923,"minecraft:damage_absorbed":410,"minecraft:trigger_trapped_chest":2,"tombstone:cast_on_ally":2,"minecraft:swim_one_cm":377182,"minecraft:fly_one_cm":3140457,"minecraft:open_chest":829,"minecraft:fall_one_cm":366401},"minecraft:used":{"minecraft:iron_shovel":145,"minecraft:chiseled_deepslate":2,"minecraft:diamond_hoe":48,"minecraft:shield":180,"minecraft:chest":14,"minecraft:iron_sword":1033,"minecraft:iron_chestplate":1,"minecraft:allium":1,"minecraft:tuff":46,"minecraft:glass":47,"vampirism:item_tent":1,"iceandfire:crackled_gravel":1,"create:scoria":1,"minecraft:iron_helmet":1,"minecraft:item_frame":1,"croptopia:peach":12,"minecraft:bow":1,"minecraft:oak_sapling":10,"magistuarmory:rustedkettlehat":1,"supplementaries:ash":71,"minecraft:furnace":5,"minecraft:cooked_cod":6,"untamedwilds:material_fat":1,"minecraft:egg":2,"minecraft:deepslate_brick_wall":46,"minecraft:diorite":7,"minecraft:oak_planks":224,"minecraft:stone_pickaxe":264,"minecraft:wooden_pickaxe":59,"minecraft:sandstone":1,"biomesoplenty:lavender":1,"tombstone:scroll_of_true_sight":2,"minecraft:oak_leaves":1,"minecraft:white_wool":1,"elevatorid:elevator_white":1,"minecraft:golden_apple":6,"minecraft:blast_furnace":2,"croptopia:hamburger":1,"vampirism:stake":18,"minecraft:black_bed":1,"mutantmonsters:mutant_skeleton_skull":1,"croptopia:orange":2,"minecraft:string":3,"minecraft:bread":31,"minecraft:cyan_bed":2,"minecraft:dark_oak_log":1,"farmersdelight:ham":4,"tombstone:grave_key":12,"minecraft:gravel":16,"minecraft:diamond_sword":46,"minecraft:wooden_sword":57,"iceandfire:dragon_skull_fire":10,"minecraft:chainmail_boots":1,"chococraft:gysahl_green":60,"minecraft:bone_meal":36,"minecraft:oak_fence":1,"biomesoplenty:redwood_door":2,"minecraft:iron_bars":3,"minecraft:flint_and_steel":2,"minecraft:wooden_shovel":59,"minecraft:cooked_chicken":4,"minecraft:stick":4,"minecraft:torch":465,"minecraft:anvil":2,"minecraft:dirt":266,"minecraft:granite":4,"minecraft:dark_oak_planks":2,"minecraft:oak_fence_gate":2,"minecraft:wooden_axe":46,"minecraft:iron_axe":113,"minecraft:iron_boots":3,"minecraft:totem_of_undying":1,"minecraft:beef":8,"tombstone:gift":10,"spelunkers_charm:rock":1,"duckling:duck_egg":9,"minecraft:cooked_beef":27,"iceandfire:dragonegg_gray":1,"minecraft:cobbled_deepslate":689,"minecraft:acacia_planks":16,"minecraft:pumpkin":2,"minecraft:enchanted_golden_apple":1,"minecraft:cooked_mutton":7,"minecraft:wheat_seeds":60,"farmersdelight:iron_knife":1,"minecraft:water_bucket":1,"tombstone:scroll_of_reach":2,"biomesoplenty:redwood_sapling":6,"minecraft:baked_potato":11,"minecraft:cauldron":2,"minecraft:stonecutter":1,"iceandfire:dragon_skull_lightning":36,"iceandfire:chared_dirt":1,"create:cut_calcite_bricks":371,"minecraft:tnt":1,"minecraft:oak_slab":117,"minecraft:crafting_table":9,"minecraft:white_bed":2,"croptopia:beef_stew":1,"create:layered_calcite":265,"justhammers:iron_hammer":1564,"minecraft:oak_log":2,"minecraft:apple":31,"minecraft:diamond_shovel":166,"chococraft:gysahl_green_seeds":19,"minecraft:iron_pickaxe":994,"iceandfire:dragon_horn":28,"iceandfire:ash":7,"minecraft:cobblestone":709,"minecraft:potion":2,"minecraft:cooked_porkchop":8,"untamedwilds:flora_bush_temperate":1,"minecraft:bucket":1},"minecraft:crafted":{"minecraft:smooth_stone":6,"minecraft:oak_planks":392,"minecraft:oak_pressure_plate":2,"minecraft:cooked_chicken":4,"minecraft:stone":9,"minecraft:cooked_mutton":7,"minecraft:glass":67,"minecraft:iron_boots":1,"minecraft:chest":14,"minecraft:oak_button":3,"minecraft:glass_bottle":3,"minecraft:oak_slab":126,"minecraft:wooden_shovel":1,"minecraft:cooked_porkchop":8,"minecraft:crafting_table":7,"farmersdelight:iron_knife":2,"minecraft:wooden_pickaxe":1,"minecraft:iron_helmet":1,"additional_lights:fire_for_standing_torch_s":72,"minecraft:iron_chestplate":1,"minecraft:charcoal":62,"minecraft:chiseled_deepslate":2,"minecraft:stick":144,"minecraft:iron_ingot":198,"minecraft:iron_pickaxe":3,"minecraft:iron_block":6,"minecraft:gold_ingot":212,"minecraft:black_bed":1,"minecraft:wooden_sword":1,"minecraft:raw_iron":18,"minecraft:furnace":6,"minecraft:blast_furnace":2,"minecraft:bone_meal":36,"minecraft:flint_and_steel":1,"minecraft:deepslate_brick_wall":12,"minecraft:iron_axe":2,"minecraft:stone_pickaxe":3,"minecraft:wheat":86,"minecraft:cooked_beef":13,"elevatorid:elevator_white":2,"iceandfire:dragon_meal":19,"minecraft:cyan_bed":1,"minecraft:bread":31,"minecraft:air":0,"minecraft:oak_fence_gate":2,"justhammers:iron_hammer":20,"minecraft:wooden_axe":1,"minecraft:iron_shovel":1,"minecraft:iron_leggings":2,"minecraft:stonecutter":1,"minecraft:anvil":2,"minecraft:white_bed":2,"minecraft:torch":316},"minecraft:picked_up":{"minecraft:seagrass":4,"chococraft:loverly_gysahl_green":7,"minecraft:wheat":113,"xercamod:item_tea_seeds":24,"minecraft:prismarine_shard":3,"croptopia:kale":1,"minecraft:diamond_sword":1,"minecraft:oak_stairs":5,"artifacts:chorus_totem":1,"minecraft:potion":1,"iceandfire:manuscript":2,"alexsmobs:gazelle_horn":1,"minecraft:string":18,"mutantmonsters:mutant_skeleton_skull":3,"minecraft:raw_copper":23,"minecraft:iron_leggings":1,"minecraft:pufferfish":1,"croptopia:hamburger":1,"minecraft:gold_nugget":834,"minecraft:cobbled_deepslate":11901,"minecraft:rose_bush":1,"minecraft:calcite":947,"minecraft:iron_pickaxe":2,"iceandfire:dragonscales_red":25,"minecraft:iron_boots":1,"minecraft:furnace":2,"minecraft:stick":31,"minecraft:acacia_fence":1,"minecraft:deepslate_brick_wall":14,"untamedwilds:flora_common_reed":2,"minecraft:oak_fence":1,"minecraft:torch":101,"minecraft:porkchop":24,"magistuarmory:rusted_heavymace":1,"iceandfire:lightning_dragon_flesh":4,"iceandfire:crackled_gravel":12,"tombstone:grave_dust":1,"vampirism:vampire_fang":3,"minecraft:diorite":89,"vampirism:amulet":1,"minecraft:cauldron":2,"mutantmonsters:mutant_skeleton_pelvis":2,"vampirism:blood_bottle":2,"minecraft:rotten_flesh":20,"create:scoria":165,"create:ochrum":4,"create:layered_calcite":269,"iceandfire:fire_dragon_heart":3,"chococraft:chocobo_drumstick_raw":3,"supplementaries:ash":200,"mutantmonsters:mutant_skeleton_shoulder_pad":1,"minecraft:iron_bars":12,"minecraft:cobblestone":1467,"paraglider:paraglider":1,"biomesoplenty:lavender":2,"iceandfire:dragonscales_black":50,"occultism:datura_seeds":3,"minecraft:magma_block":26,"minecraft:feather":11,"minecraft:cooked_beef":2,"minecraft:andesite":194,"minecraft:orange_carpet":10,"biomesoplenty:redwood_door":2,"vampirism:stake":1,"paraglider:spirit_orb":9,"butchersdelight:deadpig":20,"minecraft:flint":4,"minecraft:tuff":1295,"create:raw_zinc":32,"minecraft:lapis_lazuli":112,"minecraft:dirt":253,"minecraft:bone":31,"minecraft:acacia_planks":17,"theurgy:sal_ammoniac_crystal":16,"croptopia:sweetpotato":1,"minecraft:bow":2,"minecraft:wheat_seeds":344,"minecraft:raw_gold":92,"vampirism:item_garlic":4,"tombstone:scroll_of_reach":1,"minecraft:mossy_stone_bricks":2,"croptopia:kale_seed":2,"minecraft:oak_planks":24,"duckling:duck_egg":9,"minecraft:cooked_porkchop":2,"butchersdelight:cow_hide":34,"justhammers:iron_hammer":4,"iceandfire:dragon_skull_fire":10,"minecraft:sand":67,"sophisticatedbackpacks:iron_backpack":2,"minecraft:ink_sac":2,"iceandfire:lightning_dragon_heart":2,"minecraft:cyan_bed":1,"farmersdelight:ham":13,"minecraft:dark_oak_log":1,"alexsmobs:animal_dictionary":1,"iceandfire:chared_cobblestone":7,"minecraft:bundle":1,"minecraft:deepslate":1,"minecraft:diamond":181,"tombstone:tablet_of_recall":3,"untamedwilds:hide_golden":3,"minecraft:granite":59,"minecraft:bone_meal":1,"minecraft:golden_apple":1,"minecraft:white_concrete":1,"minecraft:emerald":21,"minecraft:oak_sapling":25,"minecraft:netherrack":1,"minecraft:oak_leaves":1,"minecraft:diamond_pickaxe":1,"iceandfire:dragon_skull_lightning":36,"minecraft:cocoa_beans":6,"minecraft:coarse_dirt":1,"minecraft:crafting_table":4,"minecraft:allium":1,"minecraft:chicken":6,"croptopia:peach":12,"croptopia:sweetpotato_seed":2,"spelunkers_charm:deepslate_rock":14,"occultism:raw_silver":48,"biomesoplenty:jacaranda_sapling":6,"tombstone:scroll_of_preservation":1,"minecraft:shield":1,"minecraft:cornflower":1,"minecraft:flint_and_steel":1,"minecraft:item_frame":1,"minecraft:white_carpet":14,"butchersdelight:dead_cow":38,"biomesoplenty:jacaranda_slab":5,"occultism:butcher_knife":1,"aquaculture:bluegill":3,"minecraft:beef":83,"minecraft:cyan_wool":3,"minecraft:iron_nugget":26,"xercamod:item_tomato_seeds":16,"minecraft:egg":6,"minecraft:sandstone":1,"minecraft:raw_iron":236,"iceandfire:dragonbone":104,"iceandfire:dragonscales_gray":90,"iceandfire:dragonscales_green":3,"bygonenether:cobbled_blackstone":78,"iceandfire:chared_grass":3,"magistuarmory:rustedbarbute":1,"untamedwilds:flora_bush_temperate":1,"aquaculture:perch":5,"magistuarmory:rustedkettlehat":1,"minecraft:redstone":129,"minecraft:dark_oak_planks":2,"luckytntmod:deepslate_uranium_ore":11,"minecraft:tnt":3,"minecraft:arrow":4,"butchersdelight:deadsheep":39,"minecraft:cooked_cod":6,"biomesoplenty:jacaranda_log":2,"minecraft:saddle":1,"iceandfire:chared_dirt":1,"k_turrets:raw_titanium":16,"minecraft:hay_block":10,"mutantmonsters:mutant_skeleton_rib":3,"aquaculture:carp":1,"minecraft:gold_ingot":1,"create:cut_calcite_bricks":314,"minecraft:totem_of_undying":2,"biomesoplenty:redwood_sapling":16,"minecraft:mutton":56,"minecraft:white_wool":33,"xercamod:item_rice_seeds":13,"vampirism:vampire_blood_bottle":5,"croptopia:beef_stew":1,"vampirism:item_tent":1,"minecraft:leather":9,"doggytalents:rice_grains":38,"minecraft:granite_stairs":1,"minecraft:oak_log":111,"iceandfire:dragonegg_gray":1,"minecraft:gunpowder":106,"tombstone:voodoo_poppet":1,"mutantmonsters:mutant_skeleton_limb":9,"biomesoplenty:glowing_moss_carpet":9,"butchersdelight:deadchiken":8,"chococraft:chocobo_feather":4,"chococraft:gysahl_green":121,"minecraft:apple":30,"minecraft:stone_bricks":2,"untamedwilds:material_fat":3,"iceandfire:dragon_stick":2,"minecraft:iron_ingot":31,"minecraft:cooked_chicken":1,"aquaculture:minnow":5,"minecraft:glass_bottle":2,"minecraft:iron_sword":8,"iceandfire:fire_dragon_flesh":9,"minecraft:oak_slab":10,"iceandfire:chared_stone":83,"iceandfire:copper_nugget":539,"iceandfire:dragon_horn":1,"minecraft:pumpkin":2,"iceandfire:ash":118,"minecraft:dandelion":1,"minecraft:raw_iron_block":2,"minecraft:dripstone_block":1,"minecraft:gravel":41,"chococraft:gysahl_green_seeds":73,"magistuarmory:rustedchainmail_leggings":2,"minecraft:spider_eye":12,"iceandfire:dragonscales_copper":23,"tombstone:scroll_of_true_sight":1,"butchersdelight:sheephide":29,"magistuarmory:rusted_bastardsword":1,"croptopia:orange":22,"minecraft:gray_wool":3,"minecraft:terracotta":5,"tombstone:magic_scroll":4,"minecraft:black_wool":5,"spelunkers_charm:rock":12,"minecraft:coal":229,"minecraft:sunflower":9},"minecraft:broken":{"minecraft:wooden_shovel":1,"minecraft:iron_boots":3,"minecraft:iron_chestplate":1,"minecraft:iron_leggings":3,"minecraft:stone_pickaxe":2,"minecraft:iron_sword":1,"justhammers:iron_hammer":2,"minecraft:wooden_pickaxe":1,"minecraft:shield":1,"minecraft:iron_helmet":3},"minecraft:dropped":{"sophisticatedbackpacks:iron_backpack":2,"aquaculture:carp":1,"minecraft:iron_sword":3,"butchersdelight:dead_cow":4,"occultism:datura_seeds":3,"chococraft:loverly_gysahl_green":2,"minecraft:cooked_beef":1,"minecraft:oak_log":3,"untamedwilds:material_fat":2,"minecraft:glass_bottle":3,"minecraft:diamond":17,"elevatorid:elevator_white":1,"paraglider:spirit_orb":2,"minecraft:flint":1,"minecraft:emerald":1,"additional_lights:fire_for_standing_torch_s":46,"minecraft:dirt":11,"minecraft:cornflower":1,"minecraft:mutton":1,"croptopia:sweetpotato_seed":2,"create:cut_calcite_bricks":84,"minecraft:gold_nugget":4,"minecraft:wooden_sword":1,"minecraft:sunflower":9,"iceandfire:ash":3,"minecraft:iron_pickaxe":1,"xercamod:item_tomato_seeds":15,"minecraft:white_wool":8,"minecraft:bone":6,"magistuarmory:rustedchainmail_leggings":1,"minecraft:gravel":10,"mutantmonsters:mutant_skeleton_pelvis":1,"alexsmobs:animal_dictionary":1,"minecraft:cobbled_deepslate":37,"aquaculture:perch":5,"butchersdelight:deadsheep":9,"minecraft:rotten_flesh":4,"minecraft:oak_planks":65,"occultism:raw_silver":33,"justhammers:iron_hammer":17,"iceandfire:crackled_gravel":9,"supplementaries:ash":73,"minecraft:tipped_arrow":1,"minecraft:gunpowder":99,"luckytntmod:deepslate_uranium_ore":4,"vampirism:vampire_blood_bottle":4,"create:scoria":164,"vampirism:vampire_fang":2,"aquaculture:bluegill":3,"k_turrets:raw_titanium":9,"doggytalents:rice_grains":32,"minecraft:iron_bars":2,"minecraft:arrow":2,"minecraft:beef":2,"farmersdelight:tomato_seeds":1,"biomesoplenty:jacaranda_sapling":3,"minecraft:wheat_seeds":26,"magistuarmory:rustedkettlehat":1,"minecraft:feather":2,"minecraft:cobblestone":21,"minecraft:lead":1,"iceandfire:dragon_stick":1,"chococraft:gysahl_green_seeds":40,"minecraft:granite":26,"vampirism:amulet":1,"minecraft:coal":2,"minecraft:golden_apple":3,"minecraft:stick":2,"biomesoplenty:jacaranda_log":2,"croptopia:kale_seed":2,"minecraft:gray_wool":1,"minecraft:diorite":80,"minecraft:ink_sac":2,"iceandfire:copper_nugget":371,"minecraft:torch":1,"tombstone:grave_key":1,"minecraft:rose_bush":1,"minecraft:white_concrete":1,"xercamod:item_tea_seeds":16,"minecraft:granite_stairs":1,"butchersdelight:deadpig":1,"minecraft:string":7,"minecraft:acacia_planks":1,"create:raw_zinc":27,"minecraft:dandelion":1,"iceandfire:dragonbone":35,"minecraft:redstone":20,"butchersdelight:deadchiken":2,"minecraft:raw_copper":23,"minecraft:cocoa_beans":6,"chococraft:chocobo_feather":3,"minecraft:deepslate":1,"minecraft:tuff":1089,"minecraft:raw_iron":5,"theurgy:sal_ammoniac_crystal":6,"minecraft:iron_boots":1,"magistuarmory:rusted_heavymace":1,"xercamod:item_rice_seeds":10,"minecraft:diamond_sword":1,"mutantmonsters:mutant_skeleton_limb":3,"minecraft:iron_chestplate":1,"minecraft:andesite":157,"minecraft:oak_sapling":1,"minecraft:spider_eye":10,"minecraft:stone_bricks":1,"minecraft:bow":1,"minecraft:stone_pickaxe":1,"minecraft:calcite":148,"chococraft:gysahl_green":7,"mutantmonsters:mutant_skeleton_skull":1},"minecraft:mined":{"minecraft:dark_oak_planks":1,"minecraft:oak_sapling":1,"create:cut_calcite_bricks":8,"minecraft:granite":26,"minecraft:grass_block":143,"minecraft:white_concrete":1,"minecraft:spawner":2,"minecraft:tall_seagrass":3,"minecraft:raw_iron_block":2,"minecraft:iron_ore":43,"minecraft:fire":21,"minecraft:cobbled_deepslate":53,"biomesoplenty:lavender":1,"minecraft:pumpkin":1,"minecraft:deepslate_lapis_ore":2,"biomesoplenty:redwood_door":2,"chococraft:gysahl_green":41,"supplementaries:stick":2,"iceandfire:gold_pile":80,"minecraft:flowering_azalea_leaves":1,"minecraft:iron_bars":10,"minecraft:pink_tulip":1,"minecraft:tripwire":1,"minecraft:deepslate_redstone_ore":1,"minecraft:deepslate_brick_wall":9,"biomesoplenty:jacaranda_slab":3,"minecraft:torch":33,"minecraft:calcite":1,"spelunkers_charm:rock_pile_2":1,"minecraft:cobblestone":119,"minecraft:cyan_bed":2,"minecraft:oak_planks":16,"minecraft:wall_torch":32,"minecraft:cauldron":2,"minecraft:seagrass":1,"minecraft:cyan_wool":4,"spelunkers_charm:rock_pile_3":3,"minecraft:wheat":1,"minecraft:tnt":4,"minecraft:grass":272,"biomesoplenty:clover":3,"minecraft:oak_log":91,"minecraft:acacia_fence":1,"minecraft:sand":65,"minecraft:dirt":107,"minecraft:oak_leaves":31,"minecraft:deepslate":191,"biomesoplenty:reed":1,"minecraft:tuff":35,"minecraft:deepslate_diamond_ore":46,"croptopia:kale_crop":1,"biomesoplenty:desert_grass":1,"minecraft:dark_oak_log":1,"iceandfire:crackled_gravel":1,"biomesoplenty:bush":27,"create:ochrum":4,"alexsmobs:leafcutter_ant_chamber":1,"occultism:silver_ore_deepslate":2,"iceandfire:chared_dirt":1,"butchersdelight:deadpigblock":4,"create:layered_calcite":13,"iceandfire:chared_grass":3,"minecraft:large_fern":1,"minecraft:hay_block":10,"spelunkers_charm:deepslate_rock_pile_1":1,"minecraft:furnace":2,"minecraft:andesite":3,"spelunkers_charm:deepslate_rock_pile_2":3,"croptopia:peach_crop":6,"minecraft:deepslate_iron_ore":74,"biomesoplenty:high_grass":1,"minecraft:cobblestone_slab":1,"minecraft:vine":4,"biomesoplenty:barley":1,"minecraft:stone":378,"spelunkers_charm:rock_pile_1":1,"minecraft:white_wool":3,"minecraft:oak_slab":5,"minecraft:glass_pane":6,"croptopia:sweetpotato_crop":1,"minecraft:crafting_table":4,"minecraft:cornflower":1,"untamedwilds:flora_bush_temperate":1,"minecraft:rose_bush":1,"biomesoplenty:high_grass_plant":1,"minecraft:tall_grass":11,"biomesoplenty:sprout":13,"minecraft:deepslate_gold_ore":51,"butchersdelight:deadchickenblock":2,"minecraft:diorite":9,"minecraft:orange_carpet":14,"supplementaries:urn":5,"spelunkers_charm:deepslate_rock_pile_3":3,"minecraft:white_carpet":2,"iceandfire:ash":111,"k_turrets:titanium_ore":2,"minecraft:coal_ore":137,"minecraft:sunflower":11,"minecraft:gravel":46,"minecraft:cobweb":3,"biomesoplenty:redwood_sapling":8,"minecraft:acacia_planks":21,"minecraft:stone_bricks":1,"minecraft:mossy_stone_bricks":2,"minecraft:fern":6}},"DataVersion":3465}