{"stats":{"minecraft:killed_by":{"minecraft:zombie":1,"minecraft:player":2,"minecraft:skeleton":1},"minecraft:mined":{"iceandfire:graveyard_soil":1,"minecraft:cobblestone_stairs":2,"minecraft:obsidian":16,"minecraft:granite":2,"minecraft:grass_block":161,"minecraft:light_gray_bed":1,"minecraft:oxeye_daisy":1,"luckytntmod:deepslate_uranium_ore":7,"biomesoplenty:tall_lavender":17,"spelunkers_charm:clay_pile_3":1,"minecraft:iron_ore":67,"minecraft:cobbled_deepslate":4,"minecraft:fire":2,"biomesoplenty:lavender":155,"minecraft:deepslate_lapis_ore":1,"create:asurine":1,"minecraft:flowering_azalea_leaves":2,"croptopia:apple_crop":2,"iceandfire:gold_pile":6,"sophisticatedbackpacks:copper_backpack":1,"biomesoplenty:jacaranda_planks":2,"minecraft:smoker":1,"minecraft:clay":2,"minecraft:torch":25,"untamedwilds:flora_common_reed":2,"diagonalfences:minecraft/oak_fence":1,"minecraft:blast_furnace":1,"create:scoria":1,"spelunkers_charm:rock_pile_2":1,"minecraft:cobblestone":97,"minecraft:sugar_cane":7,"minecraft:oak_planks":144,"cataclysm:stone_tile_slab":11,"minecraft:wall_torch":15,"minecraft:skeleton_skull":1,"minecraft:wheat":71,"mutantmonsters:mutant_skeleton_skull":1,"minecraft:lilac":2,"minecraft:grass":203,"minecraft:oak_log":181,"minecraft:sand":36,"minecraft:dirt":51,"minecraft:oak_leaves":6,"minecraft:deepslate":29,"biomesoplenty:reed":1,"minecraft:tuff":9,"iceandfire:silver_ore":4,"minecraft:deepslate_diamond_ore":6,"minecraft:oak_door":3,"farmersdelight:wild_carrots":16,"luckytntmod:deepslate_gunpowder_ore":18,"biomesoplenty:bush":12,"farmersdelight:wild_onions":1,"spelunkers_charm:golden_mushroom":1,"minecraft:furnace":1,"biomesoplenty:toadstool":1,"minecraft:andesite":24,"minecraft:bookshelf":24,"minecraft:potatoes":1,"minecraft:deepslate_iron_ore":27,"minecraft:stripped_oak_log":1,"butchersdelight:skullcow":4,"minecraft:stone":241,"iceandfire:pixie_jar_empty":1,"minecraft:oak_slab":5,"minecraft:glass_pane":12,"minecraft:dandelion":1,"minecraft:crafting_table":4,"untamedwilds:flora_bush_temperate":6,"minecraft:tall_grass":22,"biomesoplenty:sprout":4,"minecraft:lapis_ore":18,"theurgy:sal_ammoniac_ore":4,"minecraft:deepslate_gold_ore":13,"minecraft:diorite":75,"minecraft:air":5,"supplementaries:urn":28,"untamedwilds:block_burrow":7,"butchersdelight:deadcowblock":3,"minecraft:coal_ore":107,"minecraft:gravel":5,"minecraft:cobweb":3,"minecraft:gold_ore":10,"minecraft:fern":3,"luckytntmod:gunpowder_ore":16},"minecraft:broken":{"magistuarmory:rustedcrusader_boots":1,"minecraft:iron_boots":2,"minecraft:iron_chestplate":1,"minecraft:iron_leggings":1,"minecraft:stone_pickaxe":1,"magistuarmory:rustedchainmail_helmet":1,"minecraft:stone_axe":2,"minecraft:iron_sword":2,"minecraft:stone_sword":1,"magistuarmory:rustedkettlehat":1,"magistuarmory:corruptedroundshield":1,"magistuarmory:rustedgreathelm":1,"minecraft:wooden_pickaxe":1,"minecraft:shield":3,"minecraft:iron_pickaxe":1,"magistuarmory:rustednorman_helmet":1,"iceandfire:armor_copper_metal_boots":1,"magistuarmory:rustedchainmail_leggings":2},"minecraft:dropped":{"aquaculture:carp":1,"minecraft:iron_sword":3,"occultism:datura_seeds":2,"minecraft:porkchop":2,"chococraft:loverly_gysahl_green":1,"minecraft:cooked_beef":1,"vampirism:human_heart":1,"minecraft:baked_potato":35,"minecraft:glow_ink_sac":5,"untamedwilds:material_fat":6,"minecraft:crafting_table":1,"magistuarmory:rustedcrusader_chestplate":1,"aquaculture:minnow":1,"mutantmonsters:mutant_skeleton_shoulder_pad":2,"alexsmobs:bison_fur":8,"minecraft:cod":1,"minecraft:flint":2,"minecraft:cobblestone_stairs":2,"minecraft:dirt":9,"magistuarmory:rusted_bastardsword":4,"croptopia:crab":3,"minecraft:amethyst_shard":2,"minecraft:bone_meal":95,"minecraft:iron_pickaxe":1,"xercamod:item_tomato_seeds":2,"alexsmobs:raccoon_tail":1,"minecraft:bone":32,"magistuarmory:rustedchainmail_leggings":2,"minecraft:gravel":1,"mutantmonsters:mutant_skeleton_pelvis":1,"minecraft:wheat":1,"minecraft:rotten_flesh":12,"minecraft:oak_planks":65,"vampirism:blood_bottle":1,"create:asurine":1,"minecraft:carrot":5,"supplementaries:ash":10,"aquaculture:wooden_fillet_knife":1,"minecraft:gunpowder":8,"vampirism:vampire_blood_bottle":1,"vampirism:vampire_fang":1,"aquaculture:bluegill":1,"doggytalents:rice_grains":5,"biomesoplenty:tall_lavender":2,"croptopia:oyster":1,"untamedwilds:flora_common_reed":2,"minecraft:oak_slab":9,"biomesoplenty:jacaranda_sapling":21,"minecraft:wheat_seeds":55,"biomesoplenty:lavender":1,"minecraft:cobblestone":2,"minecraft:apple":7,"chococraft:gysahl_green_seeds":8,"vampirism:amulet":1,"alexsmobs:raw_catfish":5,"minecraft:stick":15,"mca:book_romance":1,"minecraft:diorite":7,"spelunkers_charm:golden_mushroom":1,"iceandfire:copper_nugget":10,"xercamod:item_tea_seeds":6,"tombstone:grave_dust":4,"minecraft:string":17,"croptopia:glowing_calamari":3,"croptopia:sea_lettuce":1,"alexsmobs:maggot":3,"minecraft:stone_sword":1,"farmersdelight:cabbage_seeds":8,"minecraft:stone_slab":3,"xercamod:item_rice_seeds":7,"untamedwilds:hide_black":3,"minecraft:potato":3,"magistuarmory:rustedchainmail_helmet":1,"minecraft:allium":6,"mutantmonsters:mutant_skeleton_limb":8,"minecraft:andesite":20,"minecraft:spider_eye":3,"chococraft:gysahl_green":7,"mutantmonsters:mutant_skeleton_rib":6},"minecraft:used":{"minecraft:iron_shovel":211,"sophisticatedbackpacks:copper_backpack":1,"minecraft:chest":8,"minecraft:shield":148,"butchersdelight:hook":1,"minecraft:iron_sword":866,"aquaculture:wooden_fillet_knife":29,"minecraft:iron_chestplate":2,"chococraft:chocobo_drumstick_cooked":2,"minecraft:carrot":20,"create:scoria":1,"minecraft:bow":47,"minecraft:oak_sapling":22,"minecraft:furnace":3,"magistuarmory:rustedkettlehat":1,"magistuarmory:rusted_bastardsword":39,"minecraft:skeleton_skull":1,"minecraft:egg":1,"cataclysm:stone_tile_slab":160,"magistuarmory:rustedchainmail_leggings":3,"iceandfire:pixie_jar_empty":1,"minecraft:diorite":4,"minecraft:oak_planks":355,"minecraft:stone_pickaxe":131,"minecraft:wooden_pickaxe":59,"vampirism:human_heart":3,"minecraft:clay":2,"minecraft:sugar_cane":12,"butchersdelight:skullcow":5,"tombstone:dust_of_vanishing":2,"minecraft:blast_furnace":1,"mutantmonsters:mutant_skeleton_skull":1,"biomesoplenty:jacaranda_planks":11,"croptopia:orange":5,"magistuarmory:rustedgreathelm":1,"minecraft:zombie_head":1,"minecraft:bread":43,"minecraft:gravel":7,"minecraft:grindstone":1,"chococraft:gysahl_green":37,"minecraft:bone_meal":1,"minecraft:oak_fence":49,"camera:image_frame":4,"minecraft:enchanting_table":1,"minecraft:stone_sword":136,"magistuarmory:rustedcrusader_chestplate":1,"croptopia:starfruit":1,"aquaculture:iron_fillet_knife":2,"minecraft:oak_door":8,"minecraft:torch":162,"minecraft:dirt":42,"butchersdelight:cleaver":1,"minecraft:bookshelf":15,"minecraft:iron_boots":3,"tombstone:gift":8,"magistuarmory:rustedcrusader_boots":1,"minecraft:cooked_beef":21,"minecraft:cobbled_deepslate":18,"minecraft:light_gray_bed":1,"minecraft:iron_leggings":1,"minecraft:wheat_seeds":106,"minecraft:water_bucket":55,"minecraft:baked_potato":2,"minecraft:stonecutter":1,"justhammers:diamond_hammer":42,"minecraft:oak_slab":142,"minecraft:crafting_table":8,"minecraft:smoker":2,"tombstone:bag_of_seeds":1,"minecraft:oak_log":20,"minecraft:diamond_pickaxe":16,"minecraft:apple":8,"minecraft:iron_pickaxe":616,"minecraft:stone_axe":392,"minecraft:fishing_rod":16,"minecraft:cobblestone":63,"additional_lights:fire_for_standing_torch_s":1,"minecraft:porkchop":1,"untamedwilds:flora_bush_temperate":1,"minecraft:bucket":56,"minecraft:glass_pane":23,"alexsmobs:animal_dictionary":1,"minecraft:dandelion":1,"butchersdelight:rack":1,"minecraft:chainmail_leggings":1},"minecraft:crafted":{"minecraft:grindstone":1,"minecraft:oak_planks":656,"minecraft:stone":113,"minecraft:bookshelf":15,"butchersdelight:rack":1,"minecraft:glass":35,"minecraft:bow":1,"cataclysm:stone_tile_slab":2,"minecraft:chest":8,"minecraft:oak_fence":51,"minecraft:smoker":1,"minecraft:oak_slab":142,"minecraft:emerald":12,"biomesoplenty:jacaranda_planks":24,"minecraft:crafting_table":5,"minecraft:wooden_pickaxe":1,"additional_lights:fire_for_standing_torch_s":1,"butchersdelight:cleaver":1,"aquaculture:iron_fillet_knife":1,"minecraft:diamond_pickaxe":1,"minecraft:shield":4,"minecraft:stick":60,"minecraft:iron_ingot":85,"minecraft:iron_pickaxe":3,"minecraft:stone_sword":1,"minecraft:gold_ingot":4,"minecraft:shears":1,"minecraft:oak_door":3,"minecraft:fishing_rod":1,"minecraft:iron_nugget":9,"minecraft:furnace":3,"minecraft:bone_meal":96,"minecraft:glass_pane":32,"vampirism:injection_empty":1,"minecraft:stone_pickaxe":1,"aquaculture:wooden_fillet_knife":1,"minecraft:lead":2,"minecraft:cooked_beef":27,"butchersdelight:hook":1,"minecraft:enchanting_table":1,"minecraft:iron_sword":3,"minecraft:bucket":2,"minecraft:stone_axe":3,"minecraft:bread":15,"minecraft:air":0,"minecraft:stonecutter":1,"camera:image_frame":1,"minecraft:torch":92,"minecraft:clay":2},"minecraft:killed":{"vampirism:vampire":4,"minecraft:cave_spider":3,"minecraft:witch":1,"vampirism:advanced_vampire":1,"minecraft:spider":19,"aquaculture:gar":1,"minecraft:skeleton":37,"vampirism:advanced_hunter":2,"untamedwilds:boar":2,"mutantmonsters:mutant_skeleton":1,"minecraft:creeper":13,"vampirism:hunter":15,"untamedwilds:bear":1,"minecraft:zombie":48,"untamedwilds:bison":10,"alexsmobs:fly":4,"chococraft:chocobo":2,"mca:male_zombie_villager":2,"alexsmobs:raccoon":3,"alexsmobs:tasmanian_devil":1,"minecraft:slime":27,"minecraft:phantom":11,"alexsmobs:bison":6,"minecraft:drowned":1,"alexsmobs:catfish":1,"alexsmobs:cockroach":1,"iceandfire:ghost":3,"alexsmobs:crow":1,"creeperoverhaul:savannah_creeper":1,"minecraft:enderman":3},"minecraft:picked_up":{"minecraft:iron_chestplate":2,"chococraft:loverly_gysahl_green":1,"minecraft:wheat":123,"xercamod:item_tea_seeds":11,"minecraft:lead":2,"minecraft:enchanted_book":1,"minecraft:music_disc_cat":1,"minecraft:string":37,"mutantmonsters:mutant_skeleton_skull":2,"minecraft:iron_leggings":1,"biomesoplenty:tall_lavender":5,"minecraft:zombie_head":1,"minecraft:gold_nugget":36,"minecraft:cobbled_deepslate":31,"minecraft:bucket":1,"minecraft:iron_pickaxe":1,"alexsmobs:raccoon_tail":2,"farmersdelight:cabbage_seeds":8,"minecraft:furnace":1,"minecraft:iron_boots":2,"minecraft:stick":52,"untamedwilds:flora_common_reed":2,"minecraft:oak_fence":1,"minecraft:torch":77,"minecraft:porkchop":5,"vampirism:vampire_fang":1,"tombstone:grave_dust":14,"minecraft:diorite":75,"vampirism:amulet":2,"magistuarmory:rustedcrusader_chestplate":1,"mutantmonsters:mutant_skeleton_pelvis":1,"vampirism:blood_bottle":2,"minecraft:stone_sword":1,"minecraft:light_gray_bed":1,"minecraft:rotten_flesh":44,"create:scoria":1,"farmersdelight:onion":1,"create:asurine":1,"farmersdelight:rope":2,"chococraft:chocobo_drumstick_cooked":2,"spelunkers_charm:golden_mushroom":1,"chococraft:chocobo_drumstick_raw":2,"supplementaries:ash":42,"mutantmonsters:mutant_skeleton_shoulder_pad":2,"minecraft:cod":1,"minecraft:obsidian":16,"minecraft:blaze_powder":5,"minecraft:cobblestone":610,"biomesoplenty:lavender":81,"occultism:datura_seeds":10,"minecraft:cooked_beef":41,"minecraft:lilac":1,"minecraft:andesite":22,"minecraft:smoker":1,"minecraft:potato":3,"alexsmobs:bison_fur":8,"butchersdelight:deadpig":1,"minecraft:flint":4,"minecraft:tuff":1,"cataclysm:stone_tile_slab":11,"minecraft:lapis_lazuli":125,"minecraft:dirt":199,"minecraft:bone":106,"theurgy:sal_ammoniac_crystal":11,"minecraft:bow":1,"minecraft:wheat_seeds":212,"minecraft:raw_gold":23,"vampirism:item_garlic":1,"minecraft:glowstone_dust":1,"minecraft:oak_planks":212,"butchersdelight:skullcow":5,"butchersdelight:cow_hide":1,"minecraft:sand":35,"minecraft:grass_block":2,"magistuarmory:rustedgreathelm":1,"farmersdelight:ham":1,"minecraft:bundle":1,"minecraft:iron_hoe":1,"minecraft:diamond":10,"magistuarmory:corruptedroundshield":1,"minecraft:granite":41,"minecraft:bread":51,"alexsmobs:maggot":3,"minecraft:oak_sapling":84,"iceandfire:raw_silver":6,"minecraft:crafting_table":5,"minecraft:allium":6,"minecraft:clay_ball":8,"biomesoplenty:jacaranda_sapling":21,"minecraft:shield":1,"untamedwilds:food_bear_raw":3,"camera:image_frame":3,"minecraft:iron_shovel":2,"butchersdelight:dead_cow":6,"aquaculture:bluegill":1,"minecraft:beef":47,"minecraft:iron_nugget":23,"xercamod:item_tomato_seeds":3,"minecraft:sugar_cane":12,"minecraft:phantom_membrane":7,"minecraft:egg":1,"minecraft:raw_iron":100,"minecraft:oak_door":5,"untamedwilds:flora_bush_temperate":1,"magistuarmory:rustedkettlehat":1,"minecraft:cookie":5,"untamedwilds:hide_black":4,"minecraft:carrot":20,"luckytntmod:deepslate_uranium_ore":7,"butchersdelight:deadsheep":2,"minecraft:arrow":38,"biomesoplenty:jacaranda_log":6,"k_turrets:raw_titanium":2,"croptopia:sea_lettuce":2,"aquaculture:carp":1,"mutantmonsters:mutant_skeleton_rib":6,"sophisticatedbackpacks:copper_backpack":2,"minecraft:mutton":2,"minecraft:skeleton_skull":2,"minecraft:stripped_oak_log":1,"xercamod:item_rice_seeds":7,"vampirism:vampire_blood_bottle":2,"minecraft:glow_ink_sac":5,"croptopia:crab":3,"minecraft:leather":40,"croptopia:glowing_calamari":3,"doggytalents:rice_grains":10,"minecraft:oak_log":187,"biomesoplenty:jacaranda_planks":2,"minecraft:gunpowder":159,"minecraft:cobblestone_stairs":2,"mca:book_romance":1,"mutantmonsters:mutant_skeleton_limb":8,"chococraft:chocobo_feather":2,"vampirism:human_heart":6,"chococraft:gysahl_green":45,"minecraft:apple":31,"iceandfire:pixie_jar_empty":1,"untamedwilds:material_fat":26,"minecraft:iron_ingot":9,"tombstone:bag_of_seeds":1,"aquaculture:minnow":1,"minecraft:iron_sword":16,"minecraft:book":72,"minecraft:oak_slab":15,"iceandfire:copper_nugget":10,"croptopia:starfruit":1,"minecraft:dandelion":1,"minecraft:gravel":16,"magistuarmory:rustednorman_helmet":1,"croptopia:oyster":1,"chococraft:gysahl_green_seeds":8,"minecraft:blast_furnace":1,"magistuarmory:rustedchainmail_leggings":4,"justhammers:diamond_hammer":1,"minecraft:spider_eye":10,"alexsmobs:raw_catfish":5,"butchersdelight:sheephide":2,"magistuarmory:rustedchainmail_helmet":2,"minecraft:slime_ball":16,"magistuarmory:rusted_bastardsword":4,"minecraft:chainmail_leggings":1,"magistuarmory:rustedcrusader_boots":1,"croptopia:orange":5,"minecraft:baked_potato":37,"tombstone:magic_scroll":2,"spelunkers_charm:rock":2,"minecraft:coal":109},"minecraft:custom":{"minecraft:animals_bred":26,"vampirism:interact_with_altar_of_infusion":2,"minecraft:interact_with_crafting_table":115,"minecraft:open_barrel":2,"goblintraders:trade_with_goblin":20,"minecraft:leave_game":5,"minecraft:time_since_death":384291,"minecraft:sprint_one_cm":1985835,"minecraft:damage_blocked_by_shield":9387,"minecraft:drop":147,"minecraft:play_time":570080,"minecraft:deaths":5,"minecraft:jump":6618,"minecraft:enchant_item":2,"minecraft:walk_on_water_one_cm":188635,"minecraft:interact_with_furnace":53,"minecraft:interact_with_cartography_table":1,"minecraft:interact_with_loom":1,"minecraft:sleep_in_bed":2,"minecraft:damage_dealt":53808,"minecraft:crouch_one_cm":25967,"tombstone:undead_killed":103,"minecraft:interact_with_smoker":8,"minecraft:mob_kills":235,"tombstone:use_vanishing":1,"minecraft:damage_dealt_resisted":2722,"minecraft:climb_one_cm":3992,"vampirism:amount_bitten":183,"minecraft:walk_one_cm":1388735,"vampirism:skills_unlocked":1,"minecraft:damage_dealt_absorbed":44,"minecraft:sneak_time":13312,"minecraft:walk_under_water_one_cm":72454,"minecraft:interact_with_blast_furnace":9,"minecraft:total_world_time":570080,"vampirism:blood_drunk":33800,"tombstone:raider_killed":12,"minecraft:interact_with_grindstone":1,"minecraft:interact_with_stonecutter":4,"minecraft:time_since_rest":383809,"vampirism:resurrected":4,"minecraft:damage_taken":125297,"minecraft:swim_one_cm":87647,"minecraft:fly_one_cm":1051997,"minecraft:open_chest":156,"minecraft:fish_caught":7,"minecraft:fall_one_cm":121336}},"DataVersion":3465}