{"stats":{"minecraft:custom":{"minecraft:interact_with_crafting_table":303,"minecraft:open_barrel":21,"minecraft:eat_cake_slice":22,"minecraft:leave_game":25,"minecraft:time_since_death":694116,"minecraft:damage_blocked_by_shield":5231,"minecraft:play_time":2037473,"minecraft:deaths":37,"minecraft:jump":24159,"minecraft:enchant_item":25,"minecraft:interact_with_furnace":382,"minecraft:traded_with_villager":37,"minecraft:interact_with_cartography_table":1,"minecraft:sleep_in_bed":11,"minecraft:damage_dealt":112224,"tombstone:undead_killed":267,"minecraft:interact_with_smoker":102,"minecraft:interact_with_anvil":14,"vampirism:killed_with_stake":24,"minecraft:damage_dealt_absorbed":79,"minecraft:sneak_time":43390,"minecraft:interact_with_blast_furnace":171,"minecraft:total_world_time":2037473,"vampirism:interact_with_injection_chair":2,"tombstone:raider_killed":15,"minecraft:tune_noteblock":1,"minecraft:interact_with_stonecutter":9,"tombstone:pray_on_grave":1,"minecraft:time_since_rest":10815,"vampirism:weapon_table":3,"tombstone:cast_on_ally":1,"minecraft:swim_one_cm":537614,"minecraft:fly_one_cm":4039123,"minecraft:open_chest":1190,"minecraft:fish_caught":102,"minecraft:fall_one_cm":445392,"minecraft:animals_bred":8,"minecraft:damage_resisted":133,"minecraft:sprint_one_cm":5489505,"minecraft:drop":498,"minecraft:talked_to_villager":30,"minecraft:walk_on_water_one_cm":553588,"vampirism:interact_with_research_table":10,"minecraft:player_kills":5,"minecraft:crouch_one_cm":122407,"minecraft:mob_kills":466,"minecraft:damage_dealt_resisted":5379,"minecraft:climb_one_cm":105666,"minecraft:walk_one_cm":2746469,"tombstone:consume_soul":4,"vampirism:skills_unlocked":116,"minecraft:walk_under_water_one_cm":179473,"minecraft:interact_with_grindstone":14,"minecraft:damage_absorbed":251,"minecraft:damage_taken":71870,"minecraft:trigger_trapped_chest":1},"minecraft:picked_up":{"minecraft:seagrass":2,"minecraft:iron_chestplate":4,"xercamod:item_tea_seeds":41,"minecraft:prismarine_shard":2,"doggytalents:koji":23,"minecraft:diamond_sword":3,"minecraft:enchanted_book":5,"croptopia:calamari":16,"vampirism:holy_water_bottle_normal":3,"minecraft:string":96,"vampirism:armor_of_swiftness_head_ultimate":1,"chipped:creeper_cobblestone_carving":2,"minecraft:cooked_salmon":1,"minecraft:red_nether_bricks":6,"minecraft:pufferfish":1,"paraglider:deku_leaf":1,"mcwlights:upgraded_torch":1,"minecraft:beetroot":11,"vampirism:obi_belt":2,"minecraft:gold_nugget":119,"minecraft:cobbled_deepslate":9369,"mcwbridges:bridge_torch":2,"biomesoplenty:redwood_wood":116,"minecraft:coal_block":10,"minecraft:golden_helmet":1,"croptopia:barley_seed":9,"magistuarmory:rusted_heavymace":2,"minecraft:cut_copper_stairs":1,"vampirism:amulet":2,"magistuarmory:rustedcrusader_chestplate":3,"minecraft:golden_chestplate":2,"mutantmonsters:mutant_skeleton_pelvis":1,"vampirism:blood_bottle":11,"multibeds:future":1,"minecraft:tropical_fish":2,"biomesoplenty:redwood_fence":3,"create:ochrum":68,"minecraft:carved_pumpkin":2,"farmersdelight:rope":13,"supplementaries:ash":41,"minecraft:iron_bars":16,"minecraft:magma_block":26,"minecraft:mossy_cobblestone_slab":3,"minecraft:oxidized_copper":1,"minecraft:feather":14,"minecraft:cooked_beef":4,"farmersdelight:rice":11,"magistuarmory:rustedchainmail_boots":5,"minecraft:iron_door":2,"minecraft:copper_block":1,"ironchest:copper_chest":1,"alexsmobs:bison_fur":2,"butchersdelight:deadpig":6,"xercamod:item_tea_leaf":8,"tombstone:familiar_receptacle":1,"untamedwilds:flora_junegrass":1,"minecraft:chipped_anvil":1,"chiselsandbits:chiseled_block":1,"theurgy:sal_ammoniac_crystal":275,"duckling:duck_egg":6,"aquaculture:gar":2,"aquaculture:worm":199,"croptopia:tuna":7,"vampirism:ring":2,"butchersdelight:skullcow":19,"xercamod:item_fish_bread":6,"iceandfire:chared_cobblestone":13,"minecraft:bundle":6,"iceandfire:lectern":1,"enchantinginfuser:enchanting_infuser":2,"minecraft:granite":308,"minecraft:chainmail_helmet":1,"minecraft:bread":4,"alexsmobs:maggot":5,"minecraft:dark_oak_fence":1,"iceandfire:raw_silver":54,"biomesoplenty:redwood_log":875,"minecraft:crafting_table":8,"xercamod:vat":4,"iceandfire:witherbone":6,"minecraft:clay_ball":56,"minecraft:leather_leggings":1,"occultism:raw_silver":171,"tombstone:scroll_of_preservation":1,"magistuarmory:halfarmor_chestplate":1,"doggytalents:rice_mill":2,"mcwpaths:cobbled_deepslate_diamond_paving":7,"minecraft:iron_shovel":1,"butchersdelight:dead_cow":19,"minecraft:cracked_stone_bricks":21,"iceandfire:graveyard_soil":9,"iceandfire:bestiary":1,"minecraft:beef":92,"aquaculture:diamond_fishing_rod":1,"minecraft:cyan_wool":1,"minecraft:iron_nugget":36,"supplementaries:rope":17,"minecraft:chest":5,"minecraft:egg":8,"minecraft:stone":37,"croptopia:corn_seed":1,"chiselsandbits:chisel_gold":1,"magistuarmory:rustedbarbute":3,"farmersdelight:tomato_seeds":5,"minecraft:carrot":184,"minecraft:redstone":377,"luckytntmod:deepslate_uranium_ore":23,"butchersdelight:deadsheep":20,"magistuarmory:steel_ingot":9,"minecraft:cooked_cod":5,"minecraft:beetroot_seeds":26,"supplementaries:sconce":1,"aquaculture:brown_trout":5,"minecraft:hay_block":5,"magistuarmory:steel_zweihander":1,"aquaculture:carp":1,"create:zinc_block":3,"tombstone:essence_of_undeath":1,"minecraft:gold_ingot":14,"minecraft:totem_of_undying":1,"sophisticatedbackpacks:copper_backpack":1,"biomesoplenty:redwood_sapling":215,"minecraft:glow_berries":4,"minecraft:mutton":31,"minecraft:white_wool":21,"minecraft:rail":48,"minecraft:oxeye_daisy":1,"xercamod:item_rice_seeds":25,"magistuarmory:rustedhalfarmor_chestplate":2,"vampirism:vampire_blood_bottle":14,"croptopia:crab":7,"croptopia:glowing_calamari":2,"minecraft:red_mushroom":12,"doggytalents:rice_grains":42,"spelunkers_charm:old_miners_bundle":4,"mcwlights:oak_tiki_torch":1,"minecraft:oak_log":328,"minecraft:lily_pad":1,"minecraft:golden_boots":2,"farmersdelight:skillet":1,"aquaculture:rainbow_trout":1,"mutantmonsters:mutant_skeleton_limb":5,"xercamod:item_tomato":16,"butchersdelight:deadchiken":6,"chococraft:gysahl_green":170,"croptopia:barley":11,"minecraft:apple":22,"minecraft:stone_bricks":60,"minecraft:kelp":19,"iceandfire:cannoli":2,"minecraft:oak_fence_gate":1,"tombstone:bag_of_seeds":3,"minecraft:glass_bottle":2,"minecraft:iron_sword":1,"iceandfire:chared_stone":12,"croptopia:currant_seed":2,"aquaculture:smallmouth_bass":3,"iceandfire:copper_nugget":42,"minecraft:smooth_basalt":17,"minecraft:gravel":30,"magistuarmory:rustednorman_helmet":3,"croptopia:oyster":5,"magistuarmory:rustedchainmail_leggings":11,"minecraft:crying_obsidian":3,"biomesoplenty:redwood_stairs":6,"minecraft:slime_ball":6,"tombstone:scroll_of_knowledge":1,"croptopia:orange":24,"minecraft:gray_wool":1,"minecraft:baked_potato":36,"minecraft:ender_pearl":4,"minecraft:chiseled_deepslate":1,"chococraft:loverly_gysahl_green":8,"minecraft:wheat":568,"croptopia:shrimp":7,"croptopia:clam":3,"minecraft:stone_brick_stairs":166,"mcwlights:iron_framed_torch":1,"aquaculture:muskellunge":1,"mutantmonsters:mutant_skeleton_skull":1,"minecraft:raw_copper":387,"minecraft:iron_leggings":3,"minecraft:bucket":2,"comforts:sleeping_bag_white":6,"minecraft:white_tulip":1,"minecraft:redstone_torch":1,"minecraft:cobblestone_slab":6,"minecraft:calcite":6,"minecraft:iron_pickaxe":1,"doggytalents:sussy_sickle":2,"vampirism:crossbow_arrow_normal":3,"farmersdelight:cabbage_seeds":6,"minecraft:iron_boots":1,"minecraft:furnace":2,"minecraft:tipped_arrow":73,"minecraft:stick":249,"minecraft:oak_fence":5,"minecraft:torch":295,"minecraft:porkchop":10,"vampirism:holy_water_bottle_enhanced":4,"vampirism:vampire_fang":10,"tombstone:grave_dust":52,"minecraft:diorite":455,"supplementaries:flax":6,"minecraft:quartz_block":11,"minecraft:rotten_flesh":208,"occultism:datura":2,"create:veridium":7,"artifacts:panic_necklace":1,"mutantmonsters:mutant_skeleton_shoulder_pad":2,"minecraft:obsidian":31,"minecraft:cod":40,"minecraft:cobblestone":3826,"occultism:datura_seeds":14,"vampirism:vampire_book":4,"minecraft:lilac":1,"minecraft:andesite":663,"minecraft:potato":173,"biomesoplenty:redwood_door":7,"paraglider:spirit_orb":112,"minecraft:tuff":488,"modernlife:polished_andesite_kitchen_drawer_cabinet":1,"create:raw_zinc":99,"supplementaries:flax_seeds":26,"minecraft:lapis_lazuli":265,"minecraft:dirt":622,"minecraft:name_tag":1,"minecraft:leather_boots":1,"minecraft:bone":259,"croptopia:corn":3,"minecraft:bow":7,"minecraft:wheat_seeds":1442,"minecraft:raw_gold":39,"vampirism:item_garlic":167,"minecraft:mossy_stone_bricks":129,"minecraft:oak_planks":92,"minecraft:mossy_stone_brick_stairs":18,"minecraft:music_disc_13":1,"minecraft:poisonous_potato":1,"butchersdelight:cow_hide":15,"minecraft:sand":178,"minecraft:nether_brick_stairs":50,"minecraft:grass_block":4,"magistuarmory:rustedgreathelm":2,"farmersdelight:ham":5,"minecraft:mossy_cobblestone":126,"xercamod:diamond_scythe":4,"minecraft:diamond":41,"magistuarmory:corruptedroundshield":4,"minecraft:golden_apple":4,"minecraft:emerald":4,"minecraft:oak_sapling":157,"butchersdelight:hook":2,"minecraft:netherrack":28,"iceandfire:silver_nugget":30,"minecraft:fishing_rod":2,"minecraft:chicken":8,"minecraft:ladder":3,"croptopia:peach":10,"minecraft:rabbit_stew":1,"minecraft:turtle_helmet":1,"iceandfire:fire_lily":1,"minecraft:brown_mushroom":9,"spelunkers_charm:deepslate_rock":2,"minecraft:cooked_rabbit":1,"doggytalents:rice_wheat":120,"croptopia:currant":2,"minecraft:chain":2,"minecraft:oak_trapdoor":8,"biomesoplenty:jacaranda_fence":2,"minecraft:iron_axe":2,"minecraft:cyan_carpet":3,"aquaculture:bluegill":8,"minecraft:detector_rail":1,"chococraft:straw":23,"xercamod:item_tomato_seeds":68,"minecraft:sugar_cane":2,"minecraft:phantom_membrane":23,"minecraft:raw_iron":453,"bygonenether:cobbled_blackstone":33,"mcwdoors:oak_bark_glass_door":4,"minecraft:copper_ingot":9,"iceandfire:chared_grass":15,"aquaculture:perch":10,"magistuarmory:rustedkettlehat":1,"minecraft:cookie":10,"minecraft:iron_horse_armor":3,"minecraft:stone_pressure_plate":1,"biomesoplenty:redwood_planks":75,"tombstone:lost_tablet":1,"minecraft:arrow":155,"minecraft:nether_bricks":105,"k_turrets:raw_titanium":48,"iceandfire:chared_dirt":2,"croptopia:sea_lettuce":2,"mutantmonsters:mutant_skeleton_rib":5,"croptopia:salt":64,"minecraft:skeleton_skull":2,"iceandfire:silver_axe":2,"farmersdelight:rich_soil":3,"minecraft:glow_ink_sac":6,"minecraft:salmon":9,"minecraft:leather":41,"artifacts:onion_ring":1,"aquaculture:neptunes_bounty":1,"minecraft:chainmail_chestplate":2,"iceandfire:ectoplasm":3,"minecraft:nether_wart_block":2,"minecraft:gunpowder":2865,"minecraft:cobblestone_stairs":3,"tombstone:voodoo_poppet":1,"minecraft:cooked_mutton":25,"supplementaries:wrench":1,"vampirism:human_heart":2,"untamedwilds:material_fat":24,"chococraft:gold_gysahl":2,"minecraft:iron_ingot":71,"croptopia:anchovy":13,"aquaculture:minnow":3,"vampirism:holy_water_bottle_ultimate":1,"minecraft:soul_sand":1,"minecraft:book":182,"minecraft:oak_slab":5,"artifacts:obsidian_skull":1,"magistuarmory:rustedchainmail_chestplate":4,"minecraft:stone_brick_slab":4,"iceandfire:ash":156,"minecraft:dandelion":4,"croptopia:cucumber_seed":1,"minecraft:dripstone_block":3,"chococraft:gysahl_green_seeds":63,"minecraft:spruce_door":1,"minecraft:spider_eye":32,"alexsmobs:raw_catfish":6,"butchersdelight:sheephide":11,"croptopia:lemon":1,"magistuarmory:rustedchainmail_helmet":1,"minecraft:pumpkin_seeds":7,"magistuarmory:rusted_bastardsword":12,"magistuarmory:rustedcrusader_boots":3,"minecraft:iron_helmet":4,"minecraft:mossy_cobblestone_stairs":22,"tombstone:magic_scroll":5,"iceandfire:chared_gravel":1,"minecraft:coal":618,"minecraft:wooden_axe":1},"minecraft:broken":{"magistuarmory:rustedcrusader_boots":1,"minecraft:golden_boots":1,"minecraft:iron_boots":2,"minecraft:iron_chestplate":1,"magistuarmory:rustedchainmail_boots":1,"iceandfire:armor_silver_metal_leggings":1,"minecraft:chainmail_leggings":1,"magistuarmory:rustedkettlehat":1,"iceandfire:armor_silver_metal_helmet":1,"iceandfire:armor_copper_metal_leggings":1,"minecraft:iron_axe":1,"minecraft:iron_pickaxe":1,"minecraft:iron_helmet":2,"iceandfire:silver_axe":3,"magistuarmory:rustedchainmail_leggings":2,"minecraft:leather_leggings":1,"vampirism:armor_of_swiftness_head_ultimate":1,"iceandfire:silver_pickaxe":3,"minecraft:stone_pickaxe":2,"minecraft:chainmail_chestplate":1,"minecraft:stone_axe":1,"iceandfire:armor_silver_metal_boots":1,"minecraft:stone_shovel":1,"doggytalents:sussy_sickle":1,"minecraft:golden_chestplate":1,"magistuarmory:rustedcrusader_chestplate":1,"vampirism:hunter_coat_chest_ultimate":1,"magistuarmory:rustedchainmail_chestplate":1,"iceandfire:armor_copper_metal_chestplate":1},"minecraft:killed":{"vampirism:vampire":22,"minecraft:cave_spider":1,"vampirism:advanced_vampire":4,"minecraft:skeleton":86,"minecraft:skeleton_horse":1,"mutantmonsters:mutant_skeleton":1,"minecraft:zombie":135,"untamedwilds:bison":10,"untamedwilds:snake":2,"mca:female_zombie_villager":1,"mca:male_zombie_villager":2,"alexsmobs:raccoon":1,"untamedwilds:catfish":5,"minecraft:husk":1,"untamedwilds:terror_bird":1,"alexsmobs:crocodile":1,"iceandfire:ghost":8,"minecraft:enderman":3,"creeperoverhaul:beach_creeper":2,"minecraft:spider":47,"minecraft:silverfish":3,"aquaculture:carp":1,"artifacts:mimic":1,"minecraft:creeper":16,"minecraft:sheep":19,"minecraft:stray":9,"alexsmobs:fly":1,"minecraft:vex":3,"aquaculture:bluegill":1,"minecraft:slime":4,"minecraft:phantom":14,"alexsmobs:bison":1,"minecraft:drowned":2,"mutantmonsters:mutant_zombie":1,"minecraft:wither_skeleton":6},"minecraft:dropped":{"iceandfire:chared_stone":7,"occultism:datura_seeds":1,"vampirism:stake":1,"vampirism:human_heart":4,"untamedwilds:material_fat":8,"minecraft:glass_bottle":2,"minecraft:rail":9,"minecraft:emerald":6,"minecraft:dirt":7,"magistuarmory:rusted_bastardsword":2,"minecraft:gold_nugget":128,"minecraft:phantom_membrane":1,"magistuarmory:corruptedroundshield":1,"minecraft:fishing_rod":2,"minecraft:white_wool":6,"minecraft:bone":8,"magistuarmory:rustedchainmail_leggings":2,"minecraft:detector_rail":1,"minecraft:cobbled_deepslate":37,"minecraft:rotten_flesh":68,"supplementaries:flax_seeds":15,"minecraft:tipped_arrow":2,"vampirism:vampire_fang":1,"minecraft:leather_boots":1,"iceandfire:bestiary":1,"k_turrets:raw_titanium":1,"minecraft:beef":4,"minecraft:crying_obsidian":384,"vampirism:item_garlic":4,"minecraft:enchanted_book":1,"minecraft:wheat_seeds":51,"vampirism:vampire_book":3,"minecraft:cobblestone":51,"minecraft:feather":1,"croptopia:orange":2,"chococraft:gysahl_green_seeds":2,"minecraft:chainmail_helmet":1,"minecraft:golden_apple":2,"xercamod:vat":4,"xercamod:item_tea_seeds":7,"croptopia:shrimp":1,"iceandfire:cannoli":2,"vampirism:ring":3,"magistuarmory:rustedbarbute":1,"minecraft:string":2,"minecraft:lily_pad":1,"croptopia:cucumber_seed":1,"biomesoplenty:redwood_planks":48,"magistuarmory:rusted_heavymace":1,"xercamod:item_rice_seeds":5,"xercamod:item_fish_bread":10,"minecraft:diamond_sword":1,"minecraft:bundle":3,"minecraft:spider_eye":5,"minecraft:brown_mushroom":1,"magistuarmory:rustedcrusader_chestplate":1,"iceandfire:chared_dirt":2,"minecraft:iron_horse_armor":3,"croptopia:beef_stew":3,"magistuarmory:rustednorman_helmet":1,"minecraft:mutton":25,"minecraft:amethyst_shard":3,"minecraft:glistering_melon_slice":4,"xercamod:item_tomato_seeds":5,"minecraft:gold_ingot":26,"croptopia:corn":2,"biomesoplenty:redwood_sapling":9,"xercamod:diamond_scythe":1,"vampirism:blood_bottle":7,"occultism:raw_silver":7,"croptopia:hamburger":8,"minecraft:carrot":1,"minecraft:chainmail_chestplate":1,"paraglider:deku_leaf":1,"minecraft:gunpowder":8,"minecraft:beetroot_seeds":3,"doggytalents:rice_grains":11,"magistuarmory:rustedchainmail_boots":2,"iceandfire:chared_grass":15,"minecraft:netherrack":4,"minecraft:bread":1,"justhammers:diamond_hammer":1,"minecraft:golden_helmet":1,"magistuarmory:silver_chainmorgenstern":1,"minecraft:copper_ingot":9,"vampirism:amulet":2,"aquaculture:diamond_fishing_rod":1,"butchersdelight:skullcow":6,"tombstone:magic_scroll":2,"magistuarmory:halfarmor_chestplate":1,"minecraft:iron_leggings":1,"minecraft:iron_axe":1,"alexsmobs:maggot":1,"minecraft:raw_copper":8,"artifacts:aqua_dashers":1,"minecraft:tuff":13,"magistuarmory:rustedhalfarmor_chestplate":1,"vampirism:heart_striker_enhanced":1,"iceandfire:chared_cobblestone":1,"minecraft:iron_chestplate":1,"minecraft:andesite":13,"minecraft:oak_sapling":5,"chococraft:gysahl_green":5},"minecraft:killed_by":{"vampirism:advanced_vampire":1,"minecraft:zombie":7,"untamedwilds:hippo":1,"vampirism:vampire":1,"minecraft:vex":1,"iceandfire:hydra":1,"mutantmonsters:mutant_skeleton":1,"iceandfire:ghost":3,"minecraft:player":2,"minecraft:spider":2,"minecraft:skeleton":8,"rakerm:rake":3},"minecraft:used":{"iceandfire:lectern":2,"minecraft:beetroot":10,"minecraft:chiseled_deepslate":147,"chiselsandbits:chiseled_block":1,"minecraft:ladder":3,"minecraft:chest":16,"chipped:alchemy_bench":1,"minecraft:cut_copper":2,"mcwfences:wooden_cheval_de_frise":4,"biomesoplenty:redwood_fence":9,"doggytalents:sussy_sickle":511,"vampirism:alchemical_cauldron":3,"minecraft:grass_block":18,"minecraft:stone_brick_stairs":156,"iceandfire:copper_pickaxe":4,"minecraft:rabbit_stew":5,"supplementaries:bomb_blue":1,"croptopia:peach":10,"minecraft:bow":77,"magistuarmory:rusted_bastardsword":1,"minecraft:furnace":7,"minecraft:oak_sapling":116,"minecraft:cooked_cod":9,"untamedwilds:material_fat":4,"minecraft:egg":16,"minecraft:potato":11,"chipped:loom_table":1,"minecraft:diorite":20,"minecraft:mossy_stone_bricks":56,"occultism:datura_seeds":16,"minecraft:wooden_pickaxe":13,"minecraft:mossy_stone_brick_stairs":1,"minecraft:cookie":10,"butchersdelight:skullcow":13,"minecraft:golden_apple":8,"minecraft:glow_berries":6,"chipped:trodden_stone":8,"mcwpaths:cobbled_deepslate_flagstone":1,"minecraft:blast_furnace":2,"croptopia:hamburger":28,"mutantmonsters:mutant_skeleton_skull":2,"croptopia:orange":19,"iceandfire:silver_pickaxe":1393,"xercamod:item_fish_bread":16,"minecraft:lilac":1,"supplementaries:flax_seeds":5,"vampirism:garlic_bread":25,"minecraft:diamond_sword":119,"minecraft:fire_charge":1,"minecraft:dark_oak_fence":1,"chipped:carpenters_table":1,"ironchest:wood_to_iron_chest_upgrade":1,"minecraft:oak_trapdoor":8,"minecraft:iron_bars":6,"iceandfire:silver_sword":729,"biomesoplenty:redwood_door":10,"minecraft:carved_pumpkin":2,"tombstone:grave_plate":5,"xercamod:item_tea_seeds":28,"minecraft:cooked_salmon":3,"minecraft:netherrack":6,"minecraft:torch":1092,"minecraft:anvil":1,"chipped:massive_crying_obsidian_bricks":10,"exclusive_weapons_armor_and_tools:super_diamond_shovel":9,"tombstone:decorative_tombstone":1,"minecraft:nether_brick_stairs":13,"minecraft:oak_fence_gate":1,"minecraft:polished_diorite":4,"minecraft:mossy_cobblestone_stairs":8,"tombstone:ankh_of_pray":4,"xercamod:diamond_scythe":254,"minecraft:chipped_anvil":1,"magistuarmory:silver_chainmorgenstern":1,"minecraft:iron_axe":265,"iceandfire:copper_axe":1,"chipped:duh_stone":4,"magistuarmory:diamond_chainmorgenstern":5,"xercamod:vat":1,"torchmaster:megatorch":41,"comforts:sleeping_bag_white":6,"minecraft:oxidized_copper":1,"duckling:duck_egg":6,"tombstone:gift":11,"minecraft:cobbled_deepslate":329,"minecraft:wheat_seeds":93,"alexsmobs:cooked_catfish":6,"supplementaries:lapis_bricks":1,"croptopia:lemon":1,"ironchest:gold_to_diamond_chest_upgrade":5,"vampirism:item_garlic":20,"exclusive_weapons_armor_and_tools:super_diamond_pickaxe":3,"minecraft:cracked_stone_bricks":3,"chipped:cut_crying_obsidian_column":9,"minecraft:mossy_cobblestone":44,"justhammers:diamond_hammer":2014,"minecraft:crafting_table":13,"minecraft:oak_slab":5,"minecraft:white_bed":2,"minecraft:campfire":7,"minecraft:cod":2,"croptopia:beef_stew":3,"minecraft:cake":7,"justhammers:iron_hammer":273,"minecraft:oak_log":6,"create:zinc_block":3,"minecraft:diamond_pickaxe":1,"chipped:botanist_workbench":2,"minecraft:oxeye_daisy":1,"minecraft:diamond_shovel":514,"chococraft:gysahl_green_seeds":44,"minecraft:iron_pickaxe":253,"supplementaries:wrench":4,"tombstone:magic_scroll":1,"enchantinginfuser:enchanting_infuser":2,"minecraft:enchanted_book":1,"minecraft:cobblestone":465,"minecraft:cooked_porkchop":10,"aquaculture:stone_fillet_knife":2,"biomesoplenty:redwood_stairs":30,"minecraft:dandelion":1,"chipped:edged_stone_bricks":10,"minecraft:diamond_hoe":30,"minecraft:shield":67,"butchersdelight:hook":8,"vampirism:enhanced_tech_crossbow":117,"doggytalents:rice_grains":49,"mcwpaths:cobbled_deepslate_diamond_paving":143,"chococraft:chocobo_drumstick_cooked":2,"farmersdelight:rich_soil_farmland":1,"minecraft:carrot":264,"minecraft:nether_bricks":46,"cataclysm:stone_tiles":4,"exclusive_weapons_armor_and_tools:super_diamond_axe":2,"ironchest:copper_to_iron_chest_upgrade":4,"minecraft:tuff":25,"enchantinginfuser:advanced_enchanting_infuser":1,"minecraft:glass":15,"tombstone:decorative_grave_simple":1,"aquaculture:neptunium_hoe":1298,"tombstone:tablet_of_cupidity":1,"chococraft:straw":83,"aquaculture:diamond_fishing_rod":9,"minecraft:stone_bricks":51,"mcwlights:oak_tiki_torch":3,"tombstone:decorative_grave_normal":1,"minecraft:magma_block":10,"ironchest:obsidian_chest":1,"minecraft:skeleton_skull":5,"aquaculture:fish_fillet_cooked":11,"biomesoplenty:jacaranda_fence":2,"bygonenether:cobbled_blackstone":24,"vampirism:weapon_table":8,"modernlife:polished_andesite_kitchen_drawer_cabinet":2,"minecraft:stone_pickaxe":265,"minecraft:oak_planks":137,"chipped:pressed_diamond_block":1,"tombstone:decorative_grave_cross":1,"chipped:engraved_stone":5,"ironchest:copper_chest":1,"minecraft:mushroom_stew":11,"mcwpaths:cobbled_deepslate_windmill_weave":1,"vampirism:stake":74,"iceandfire:silver_axe":1600,"modernlife:oak_log_ramp":6,"decorative_blocks:chandelier":1,"minecraft:redstone_torch":1,"sophisticatedbackpacks:backpack":1,"minecraft:bread":53,"chipped:glad_stone":4,"minecraft:string":5,"tombstone:grave_key":6,"chipped:simple_crying_obsidian_pillar":7,"aquaculture:worm_farm":1,"butchersdelight:roaster":7,"additional_lights:al_torch_diamond_block":12,"minecraft:iron_door":1,"farmersdelight:ham":5,"ironchest:iron_to_gold_chest_upgrade":5,"minecraft:gravel":3,"vampirism:hunter_trainer_spawn_egg":1,"tombstone:decorative_subaraki_grave":1,"vampirism:potion_table":3,"minecraft:grindstone":1,"chipped:creeper_stone_carving":10,"minecraft:cooked_rabbit":1,"minecraft:andesite":17,"minecraft:chain":5,"chococraft:gysahl_green":10,"minecraft:bone_meal":524,"ironchest:crystal_chest":6,"minecraft:cobweb":3,"croptopia:anchovy":4,"minecraft:oak_fence":5,"chipped:tinkering_table":1,"doggytalents:rice_mill":3,"minecraft:stone_shovel":132,"biomesoplenty:redwood_planks":325,"farmersdelight:rich_soil":3,"minecraft:stone_hoe":43,"supplementaries:sconce":4,"minecraft:cooked_chicken":5,"mcwpaths:cobbled_deepslate_running_bond":1,"minecraft:cut_copper_stairs":21,"minecraft:dirt":348,"ironchest:diamond_chest":3,"aquaculture:neptunes_bounty":1,"xercamod:item_bookcase":1,"vampirism:advanced_vampire_hunter_spawn_egg":1,"minecraft:granite":27,"farmersdelight:rope":13,"mcwlights:upgraded_torch":5,"alexsmobs:maggot":1,"minecraft:bookshelf":31,"chipped:glassblower":1,"mcwfences:iron_cheval_de_frise":11,"minecraft:golden_carrot":11,"mcwdoors:oak_bark_glass_door":7,"minecraft:cooked_beef":53,"minecraft:cooked_mutton":11,"aquaculture:tackle_box":1,"tombstone:scroll_of_knowledge":2,"minecraft:cobblestone_stairs":19,"biomesoplenty:redwood_sapling":161,"mcwpaths:cobbled_deepslate_crystal_floor":9,"minecraft:polished_andesite":23,"minecraft:baked_potato":89,"multibeds:future":3,"xercamod:item_tomato_seeds":22,"minecraft:copper_block":1,"minecraft:stonecutter":1,"ironchest:wood_to_copper_chest_upgrade":4,"croptopia:currant":1,"chipped:mason_table":1,"minecraft:red_mushroom":6,"disenchanting_table:disenchanting_table":1,"minecraft:book":2,"minecraft:smoker":2,"tombstone:bag_of_seeds":2,"minecraft:apple":45,"mcwbridges:bridge_torch":4,"iceandfire:graveyard_soil":9,"chipped:engraved_diamond_block":1,"minecraft:fishing_rod":203,"minecraft:stone_axe":107,"croptopia:barley_seed":1,"iceandfire:chared_gravel":1,"minecraft:bucket":3,"minecraft:lapis_block":2,"minecraft:pumpkin_pie":18,"iceandfire:silver_shovel":81,"mcwlights:iron_framed_torch":13,"butchersdelight:rack":5},"minecraft:mined":{"xercamod:block_tomato_plant":1,"iceandfire:copper_pile":6,"minecraft:carved_pumpkin":2,"minecraft:granite":13,"minecraft:coal_block":5,"ironchest:copper_chest":1,"supplementaries:sconce_wall":1,"minecraft:spawner":34,"minecraft:tall_seagrass":3,"minecraft:mossy_cobblestone_stairs":1,"minecraft:cobbled_deepslate":15,"minecraft:fire":1,"minecraft:deepslate_lapis_ore":1,"minecraft:nether_brick_stairs":1,"biomesoplenty:redwood_door":7,"iceandfire:gold_pile":9,"biomesoplenty:redwood_log":825,"minecraft:dirt_path":12,"create:veridium":7,"minecraft:tripwire":2,"minecraft:kelp_plant":2,"minecraft:torch":113,"minecraft:oxidized_copper":1,"minecraft:skeleton_skull":1,"multibeds:future":1,"minecraft:cyan_wool":1,"minecraft:chain":2,"minecraft:wheat":16,"minecraft:lilac":2,"minecraft:copper_block":1,"minecraft:stone_brick_stairs":28,"minecraft:grass":144,"butchersdelight:hook":1,"minecraft:deepslate":302,"biomesoplenty:reed":1,"create:zinc_ore":7,"untamedwilds:flora_junegrass":1,"iceandfire:silver_ore":22,"minecraft:mossy_cobblestone":7,"minecraft:nether_bricks":2,"minecraft:dark_oak_fence":1,"occultism:silver_ore_deepslate":17,"butchersdelight:deadpigblock":1,"minecraft:red_mushroom":2,"farmersdelight:wild_onions":1,"supplementaries:flax":4,"minecraft:andesite":140,"iceandfire:chared_gravel":2,"spelunkers_charm:deepslate_rock_pile_2":1,"minecraft:cobblestone_slab":6,"minecraft:vine":26,"butchersdelight:skullcow":4,"mcwpaths:cobbled_deepslate_diamond_paving":6,"minecraft:oak_slab":5,"biomesoplenty:redwood_planks":27,"minecraft:soul_sand":1,"butchersdelight:hookedcow":1,"diagonalfences:biomesoplenty/redwood_fence":3,"minecraft:dandelion":2,"spelunkers_charm:dead_grass":1,"doggytalents:rice_mill":2,"minecraft:copper_ore":21,"minecraft:tall_grass":13,"minecraft:diorite":12,"minecraft:coarse_dirt":1,"minecraft:birch_leaves":1,"vampirism:garlic":5,"iceandfire:silver_pile":9,"minecraft:gravel":13,"minecraft:cobweb":19,"biomesoplenty:redwood_sapling":2,"minecraft:stone_bricks":9,"minecraft:fern":1,"create:deepslate_zinc_ore":28,"farmersdelight:rich_soil":3,"iceandfire:graveyard_soil":9,"modernlife:polished_andesite_kitchen_drawer_cabinet":1,"minecraft:cobblestone_stairs":3,"minecraft:grass_block":462,"mcwdoors:oak_bark_glass_door":2,"minecraft:mossy_cobblestone_slab":3,"minecraft:iron_ore":63,"iceandfire:crackled_dirt":1,"chococraft:gysahl_green":15,"mcwbridges:bridge_torch":2,"minecraft:iron_bars":4,"occultism:silver_ore":4,"iceandfire:chared_cobblestone":4,"supplementaries:book_pile":1,"minecraft:clay":14,"untamedwilds:flora_common_reed":1,"minecraft:chest":5,"iceandfire:fire_lily":1,"minecraft:cobblestone":41,"minecraft:oak_planks":26,"aquaculture:farmland":2,"minecraft:wall_torch":107,"minecraft:seagrass":1,"minecraft:nether_wart_block":2,"create:zinc_block":3,"minecraft:oak_log":293,"croptopia:salt_ore":17,"minecraft:sand":106,"minecraft:dirt":138,"minecraft:netherrack":3,"minecraft:oak_leaves":40,"minecraft:tuff":22,"enchantinginfuser:enchanting_infuser":2,"minecraft:deepslate_diamond_ore":2,"biomesoplenty:bush":7,"mcwlights:oak_tiki_torch":1,"farmersdelight:red_mushroom_colony":2,"minecraft:large_fern":1,"croptopia:barley_crop":1,"minecraft:hay_block":5,"minecraft:furnace":2,"minecraft:carrots":1,"minecraft:chiseled_deepslate":1,"biomesoplenty:redwood_stairs":6,"minecraft:bookshelf":60,"farmersdelight:rope":9,"minecraft:deepslate_iron_ore":2,"chococraft:straw":10,"minecraft:stone":750,"xercamod:vat":5,"minecraft:podzol":1,"doggytalents:rice_crop":61,"supplementaries:book_pile_horizontal":2,"minecraft:cut_copper_stairs":1,"minecraft:infested_stone_bricks":1,"minecraft:oak_fence":1,"minecraft:crafting_table":8,"biomesoplenty:sprout":2,"theurgy:sal_ammoniac_ore":53,"minecraft:lapis_ore":3,"minecraft:lily_pad":2,"minecraft:air":7,"supplementaries:urn":24,"iceandfire:ash":161,"k_turrets:titanium_ore":18,"minecraft:coal_ore":179,"minecraft:cyan_carpet":3,"xercamod:block_tea_plant":1,"minecraft:cracked_stone_bricks":5,"minecraft:mossy_stone_bricks":7,"biomesoplenty:redwood_wood":118,"luckytntmod:gunpowder_ore":41},"minecraft:crafted":{"minecraft:smooth_stone":37,"vampirism:injection_garlic":1,"vampirism:garlic_bread":25,"mcwpaths:cobbled_deepslate_crystal_floor":9,"iceandfire:silver_shovel":1,"modernlife:oak_log_ramp":6,"sophisticatedbackpacks:anvil_upgrade":1,"supplementaries:lapis_bricks":1,"sophisticatedbackpacks:crafting_upgrade":1,"vampirism:crossbow_arrow_normal":189,"minecraft:bookshelf":47,"minecraft:cooked_mutton":6,"butchersdelight:rack":5,"disenchanting_table:disenchanting_table":1,"aquaculture:fish_fillet_raw":11,"minecraft:glass":99,"iceandfire:copper_axe":1,"minecraft:diamond_helmet":1,"mcwfences:wooden_cheval_de_frise":4,"minecraft:diamond_leggings":2,"doggytalents:sussy_sickle":2,"iceandfire:armor_copper_metal_chestplate":1,"vampirism:stake":3,"alexsmobs:cooked_catfish":6,"iceandfire:copper_pickaxe":2,"iceandfire:silver_axe":4,"magistuarmory:silver_chainmorgenstern":1,"mcwpaths:cobbled_deepslate_windmill_weave":1,"minecraft:wooden_shovel":1,"minecraft:emerald":19,"aquaculture:worm_farm":1,"minecraft:cooked_porkchop":10,"enchantinginfuser:enchanting_infuser":1,"aquaculture:heavy_hook":1,"minecraft:copper_ingot":418,"minecraft:campfire":7,"xercamod:item_fish_bread":20,"aquaculture:iron_hook":6,"minecraft:stone_slab":6,"minecraft:iron_pickaxe":1,"minecraft:iron_block":22,"minecraft:gold_ingot":71,"iceandfire:silver_sword":2,"exclusive_weapons_armor_and_tools:super_diamond_axe":1,"minecraft:stone_shovel":1,"croptopia:cooking_pot":1,"minecraft:iron_nugget":74,"minecraft:diamond_hoe":1,"comforts:sleeping_bag_white":1,"tombstone:strange_tablet":2,"mcwlights:iron_framed_torch":4,"doggytalents:rice_mill":1,"minecraft:cut_copper_stairs":20,"sophisticatedbackpacks:stack_upgrade_tier_1":1,"iceandfire:armor_copper_metal_leggings":1,"chiselsandbits:chisel_gold":1,"minecraft:bone_meal":585,"ironchest:gold_to_diamond_chest_upgrade":5,"mcwlights:oak_tiki_torch":2,"minecraft:diamond":72,"supplementaries:sconce":3,"minecraft:polished_diorite":4,"aquaculture:double_hook":2,"butchersdelight:roaster":7,"minecraft:stone_pickaxe":3,"exclusive_weapons_armor_and_tools:super_diamond_leggings":1,"minecraft:diamond_boots":1,"exclusive_weapons_armor_and_tools:super_diamond_shovel":1,"croptopia:beef_stew":13,"exclusive_weapons_armor_and_tools:super_diamond_pickaxe":1,"iceandfire:armor_silver_metal_boots":1,"magistuarmory:steel_ring":88,"magistuarmory:steel_plate":58,"croptopia:frying_pan":3,"minecraft:wheat":45,"minecraft:coal_block":56,"ironchest:wood_to_iron_chest_upgrade":1,"biomesoplenty:redwood_door":3,"occultism:silver_ingot":174,"biomesoplenty:redwood_planks":936,"minecraft:enchanting_table":1,"aquaculture:fishing_line":4,"sophisticatedbackpacks:advanced_tool_swapper_upgrade":1,"biomesoplenty:redwood_fence":6,"aquaculture:diamond_fishing_rod":1,"sophisticatedbackpacks:gold_backpack":1,"mcwbridges:bridge_torch":2,"ironchest:iron_to_gold_chest_upgrade":5,"tombstone:grave_plate":5,"create:zinc_block":3,"aquaculture:stone_fillet_knife":1,"minecraft:wooden_axe":2,"doggytalents:rice_grains":27,"minecraft:white_bed":2,"iceandfire:silver_pickaxe":4,"mcwpaths:cobbled_deepslate_flagstone":1,"mcwdoors:oak_bark_glass_door":3,"minecraft:grindstone":1,"minecraft:oak_planks":556,"minecraft:cobblestone_slab":6,"iceandfire:silver_nugget":1,"minecraft:cooked_chicken":7,"exclusive_weapons_armor_and_tools:super_diamond_boots":1,"iceandfire:lectern":1,"minecraft:stone":43,"minecraft:cobblestone_stairs":16,"tombstone:decorative_tombstone":1,"moreusefulcopper:copper_button":3,"decorative_blocks:chandelier":1,"iceandfire:armor_silver_metal_leggings":1,"justhammers:diamond_hammer":3,"croptopia:flour":28,"minecraft:chest":16,"minecraft:copper_block":37,"minecraft:stone_hoe":1,"minecraft:oak_fence":12,"iceandfire:manuscript":72,"minecraft:smoker":2,"magistuarmory:steel_nugget":63,"ironchest:wood_to_copper_chest_upgrade":4,"chococraft:straw":60,"minecraft:crafting_table":6,"aquaculture:tackle_box":1,"minecraft:baked_potato":53,"minecraft:wooden_pickaxe":2,"vampirism:tech_crossbow_ammo_package":3,"magistuarmory:steel_chain":16,"tombstone:decorative_grave_simple":1,"create:zinc_nugget":720,"xercamod:item_stone_warhammer":1,"minecraft:gold_block":1,"butchersdelight:cleaver":1,"sophisticatedbackpacks:upgrade_base":6,"magistuarmory:halfarmor_chestplate":2,"tombstone:decorative_grave_normal":1,"supplementaries:wrench":1,"occultism:silver_nugget":36,"minecraft:charcoal":724,"minecraft:diamond_pickaxe":1,"sophisticatedbackpacks:diamond_backpack":1,"minecraft:stick":760,"minecraft:iron_ingot":516,"magistuarmory:steel_chainmail":4,"aquaculture:gold_hook":1,"minecraft:shears":1,"magistuarmory:leather_strip":24,"minecraft:polished_andesite":28,"ironchest:copper_to_iron_chest_upgrade":4,"tombstone:decorative_subaraki_grave":1,"minecraft:wooden_sword":1,"minecraft:coal":81,"minecraft:fishing_rod":1,"chococraft:chocobo_drumstick_cooked":2,"sophisticatedbackpacks:tool_swapper_upgrade":1,"mca:book_death":1,"minecraft:furnace":9,"minecraft:blast_furnace":2,"minecraft:diamond_block":3,"cataclysm:stone_tiles":4,"minecraft:glass_pane":16,"magistuarmory:diamond_chainmorgenstern":1,"vampirism:injection_empty":1,"magistuarmory:hilt":24,"minecraft:iron_axe":1,"magistuarmory:steel_ingot":86,"mcwpaths:cobbled_deepslate_diamond_paving":136,"aquaculture:fish_fillet_cooked":11,"biomesoplenty:redwood_stairs":24,"sophisticatedbackpacks:iron_backpack":1,"croptopia:guide":1,"minecraft:cooked_beef":39,"paraglider:paraglider":1,"minecraft:cooked_cod":14,"croptopia:hamburger":36,"create:andesite_alloy":191,"iceandfire:silver_ingot":51,"exclusive_weapons_armor_and_tools:super_diamond_chestplate":1,"butchersdelight:hook":6,"mcwfences:iron_cheval_de_frise":11,"mcwpaths:cobbled_deepslate_running_bond":1,"luckytntmod:uranium_ingot":23,"xercamod:diamond_scythe":1,"minecraft:cooked_salmon":2,"exclusive_weapons_armor_and_tools:super_diamond_helmet":1,"croptopia:mortar_and_pestle":1,"minecraft:bucket":4,"minecraft:stone_axe":1,"vampirism:weapon_table":1,"minecraft:air":0,"minecraft:bread":137,"tombstone:decorative_grave_cross":1,"xercamod:item_bookcase":1,"minecraft:cut_copper":32,"iceandfire:armor_silver_metal_helmet":1,"justhammers:iron_hammer":3,"create:gantry_shaft":24,"minecraft:anvil":3,"modernlife:polished_andesite_kitchen_drawer_cabinet":2,"minecraft:torch":760,"mcwlights:upgraded_torch":4,"create:zinc_ingot":126,"minecraft:lapis_block":15,"xercamod:vat":1,"minecraft:diamond_chestplate":2}},"DataVersion":3465}