[
  {
    "uuid": "dc43576b-932e-38bc-939d-823e4859ccc0",
    "displayName": {
      "insertion": "DonJuanRGA",
      "clickEvent": {
        "action": "suggest_command",
        "value": "/tell DonJuanRGA "
      },
      "hoverEvent": {
        "action": "show_entity",
        "contents": {
          "type": "minecraft:player",
          "id": "dc43576b-932e-38bc-939d-823e4859ccc0",
          "name": {
            "text": "DonJuanRGA"
          }
        }
      },
      "extra": [
        {
          "text": "DonJuanRGA"
        }
      ],
      "text": ""
    },
    "animation": "null"
  },
  {
    "uuid": "667dd990-52c9-37e5-a117-ffd8f2f375ce",
    "displayName": {
      "insertion": "Admin_dick",
      "clickEvent": {
        "action": "suggest_command",
        "value": "/tell Admin_dick "
      },
      "hoverEvent": {
        "action": "show_entity",
        "contents": {
          "type": "minecraft:player",
          "id": "667dd990-52c9-37e5-a117-ffd8f2f375ce",
          "name": {
            "text": "Admin_dick"
          }
        }
      },
      "extra": [
        {
          "text": "Admin_dick"
        }
      ],
      "text": ""
    },
    "animation": "null"
  },
  {
    "uuid": "c01403a3-385a-3e3b-8a72-ce86b7079021",
    "displayName": {
      "insertion": "Rafita2705",
      "clickEvent": {
        "action": "suggest_command",
        "value": "/tell Rafita2705 "
      },
      "hoverEvent": {
        "action": "show_entity",
        "contents": {
          "type": "minecraft:player",
          "id": "c01403a3-385a-3e3b-8a72-ce86b7079021",
          "name": {
            "text": "Rafita2705"
          }
        }
      },
      "extra": [
        {
          "text": "Rafita2705"
        }
      ],
      "text": ""
    },
    "animation": "null"
  },
  {
    "uuid": "cd34901a-c13e-3b98-bee3-73449310d5ab",
    "displayName": {
      "insertion": "Mcluisda",
      "clickEvent": {
        "action": "suggest_command",
        "value": "/tell Mcluisda "
      },
      "hoverEvent": {
        "action": "show_entity",
        "contents": {
          "type": "minecraft:player",
          "id": "cd34901a-c13e-3b98-bee3-73449310d5ab",
          "name": {
            "text": "Mcluisda"
          }
        }
      },
      "extra": [
        {
          "text": "Mcluisda"
        }
      ],
      "text": ""
    },
    "animation": "null"
  },
  {
    "uuid": "dbd027f3-acb6-3a5a-84b1-ea409b22a7ab",
    "displayName": {
      "insertion": "Sr_Fox",
      "clickEvent": {
        "action": "suggest_command",
        "value": "/tell Sr_Fox "
      },
      "hoverEvent": {
        "action": "show_entity",
        "contents": {
          "type": "minecraft:player",
          "id": "dbd027f3-acb6-3a5a-84b1-ea409b22a7ab",
          "name": {
            "text": "Sr_Fox"
          }
        }
      },
      "extra": [
        {
          "text": "Sr_Fox"
        }
      ],
      "text": ""
    },
    "animation": "null"
  },
  {
    "uuid": "c5a06b3c-b53d-3663-b97c-420c9eba4100",
    "displayName": {
      "insertion": "Davidng03",
      "clickEvent": {
        "action": "suggest_command",
        "value": "/tell Davidng03 "
      },
      "hoverEvent": {
        "action": "show_entity",
        "contents": {
          "type": "minecraft:player",
          "id": "c5a06b3c-b53d-3663-b97c-420c9eba4100",
          "name": {
            "text": "Davidng03"
          }
        }
      },
      "extra": [
        {
          "text": "Davidng03"
        }
      ],
      "text": ""
    },
    "animation": "null"
  },
  {
    "uuid": "44df33a1-3b14-3270-88d3-7fd8f250e8a8",
    "displayName": {
      "insertion": "Admin27",
      "clickEvent": {
        "action": "suggest_command",
        "value": "/tell Admin27 "
      },
      "hoverEvent": {
        "action": "show_entity",
        "contents": {
          "type": "minecraft:player",
          "id": "44df33a1-3b14-3270-88d3-7fd8f250e8a8",
          "name": {
            "text": "Admin27"
          }
        }
      },
      "extra": [
        {
          "text": "Admin27"
        }
      ],
      "text": ""
    },
    "animation": "null"
  }
]